run_id,scenario_id,variant_id,scheduler_name,seed,metric,dimension,value,unit
core-bursty-edgeweaver-seed-1,bursty,edgeweaver,edgeweaver,1,deadline_miss_cause_count,network_delay,0.0,requests
core-bursty-edgeweaver-seed-1,bursty,edgeweaver,edgeweaver,1,deadline_miss_cause_rate,network_delay,0.0,ratio_of_completed_deadline_misses
core-bursty-edgeweaver-seed-1,bursty,edgeweaver,edgeweaver,1,deadline_miss_cause_count,queue_delay,0.0,requests
core-bursty-edgeweaver-seed-1,bursty,edgeweaver,edgeweaver,1,deadline_miss_cause_rate,queue_delay,0.0,ratio_of_completed_deadline_misses
core-bursty-edgeweaver-seed-1,bursty,edgeweaver,edgeweaver,1,deadline_miss_cause_count,inference_time,0.0,requests
core-bursty-edgeweaver-seed-1,bursty,edgeweaver,edgeweaver,1,deadline_miss_cause_rate,inference_time,0.0,ratio_of_completed_deadline_misses
core-bursty-edgeweaver-seed-1,bursty,edgeweaver,edgeweaver,1,deadline_miss_cause_count,incorrect_static_estimate,0.0,requests
core-bursty-edgeweaver-seed-1,bursty,edgeweaver,edgeweaver,1,deadline_miss_cause_rate,incorrect_static_estimate,0.0,ratio_of_completed_deadline_misses
core-bursty-edgeweaver-seed-2,bursty,edgeweaver,edgeweaver,2,deadline_miss_cause_count,network_delay,0.0,requests
core-bursty-edgeweaver-seed-2,bursty,edgeweaver,edgeweaver,2,deadline_miss_cause_rate,network_delay,0.0,ratio_of_completed_deadline_misses
core-bursty-edgeweaver-seed-2,bursty,edgeweaver,edgeweaver,2,deadline_miss_cause_count,queue_delay,0.0,requests
core-bursty-edgeweaver-seed-2,bursty,edgeweaver,edgeweaver,2,deadline_miss_cause_rate,queue_delay,0.0,ratio_of_completed_deadline_misses
core-bursty-edgeweaver-seed-2,bursty,edgeweaver,edgeweaver,2,deadline_miss_cause_count,inference_time,0.0,requests
core-bursty-edgeweaver-seed-2,bursty,edgeweaver,edgeweaver,2,deadline_miss_cause_rate,inference_time,0.0,ratio_of_completed_deadline_misses
core-bursty-edgeweaver-seed-2,bursty,edgeweaver,edgeweaver,2,deadline_miss_cause_count,incorrect_static_estimate,0.0,requests
core-bursty-edgeweaver-seed-2,bursty,edgeweaver,edgeweaver,2,deadline_miss_cause_rate,incorrect_static_estimate,0.0,ratio_of_completed_deadline_misses
core-bursty-edgeweaver-seed-3,bursty,edgeweaver,edgeweaver,3,deadline_miss_cause_count,network_delay,0.0,requests
core-bursty-edgeweaver-seed-3,bursty,edgeweaver,edgeweaver,3,deadline_miss_cause_rate,network_delay,0.0,ratio_of_completed_deadline_misses
core-bursty-edgeweaver-seed-3,bursty,edgeweaver,edgeweaver,3,deadline_miss_cause_count,queue_delay,0.0,requests
core-bursty-edgeweaver-seed-3,bursty,edgeweaver,edgeweaver,3,deadline_miss_cause_rate,queue_delay,0.0,ratio_of_completed_deadline_misses
core-bursty-edgeweaver-seed-3,bursty,edgeweaver,edgeweaver,3,deadline_miss_cause_count,inference_time,0.0,requests
core-bursty-edgeweaver-seed-3,bursty,edgeweaver,edgeweaver,3,deadline_miss_cause_rate,inference_time,0.0,ratio_of_completed_deadline_misses
core-bursty-edgeweaver-seed-3,bursty,edgeweaver,edgeweaver,3,deadline_miss_cause_count,incorrect_static_estimate,0.0,requests
core-bursty-edgeweaver-seed-3,bursty,edgeweaver,edgeweaver,3,deadline_miss_cause_rate,incorrect_static_estimate,0.0,ratio_of_completed_deadline_misses
core-bursty-edgeweaver-seed-4,bursty,edgeweaver,edgeweaver,4,deadline_miss_cause_count,network_delay,0.0,requests
core-bursty-edgeweaver-seed-4,bursty,edgeweaver,edgeweaver,4,deadline_miss_cause_rate,network_delay,0.0,ratio_of_completed_deadline_misses
core-bursty-edgeweaver-seed-4,bursty,edgeweaver,edgeweaver,4,deadline_miss_cause_count,queue_delay,0.0,requests
core-bursty-edgeweaver-seed-4,bursty,edgeweaver,edgeweaver,4,deadline_miss_cause_rate,queue_delay,0.0,ratio_of_completed_deadline_misses
core-bursty-edgeweaver-seed-4,bursty,edgeweaver,edgeweaver,4,deadline_miss_cause_count,inference_time,0.0,requests
core-bursty-edgeweaver-seed-4,bursty,edgeweaver,edgeweaver,4,deadline_miss_cause_rate,inference_time,0.0,ratio_of_completed_deadline_misses
core-bursty-edgeweaver-seed-4,bursty,edgeweaver,edgeweaver,4,deadline_miss_cause_count,incorrect_static_estimate,0.0,requests
core-bursty-edgeweaver-seed-4,bursty,edgeweaver,edgeweaver,4,deadline_miss_cause_rate,incorrect_static_estimate,0.0,ratio_of_completed_deadline_misses
core-bursty-edgeweaver-seed-5,bursty,edgeweaver,edgeweaver,5,deadline_miss_cause_count,network_delay,0.0,requests
core-bursty-edgeweaver-seed-5,bursty,edgeweaver,edgeweaver,5,deadline_miss_cause_rate,network_delay,0.0,ratio_of_completed_deadline_misses
core-bursty-edgeweaver-seed-5,bursty,edgeweaver,edgeweaver,5,deadline_miss_cause_count,queue_delay,0.0,requests
core-bursty-edgeweaver-seed-5,bursty,edgeweaver,edgeweaver,5,deadline_miss_cause_rate,queue_delay,0.0,ratio_of_completed_deadline_misses
core-bursty-edgeweaver-seed-5,bursty,edgeweaver,edgeweaver,5,deadline_miss_cause_count,inference_time,0.0,requests
core-bursty-edgeweaver-seed-5,bursty,edgeweaver,edgeweaver,5,deadline_miss_cause_rate,inference_time,0.0,ratio_of_completed_deadline_misses
core-bursty-edgeweaver-seed-5,bursty,edgeweaver,edgeweaver,5,deadline_miss_cause_count,incorrect_static_estimate,0.0,requests
core-bursty-edgeweaver-seed-5,bursty,edgeweaver,edgeweaver,5,deadline_miss_cause_rate,incorrect_static_estimate,0.0,ratio_of_completed_deadline_misses
ablation-bursty-edgeweaver_no_model_switching-seed-1,bursty,edgeweaver_no_model_switching,edgeweaver_no_model_switching,1,deadline_miss_cause_count,network_delay,0.0,requests
ablation-bursty-edgeweaver_no_model_switching-seed-1,bursty,edgeweaver_no_model_switching,edgeweaver_no_model_switching,1,deadline_miss_cause_rate,network_delay,0.0,ratio_of_completed_deadline_misses
ablation-bursty-edgeweaver_no_model_switching-seed-1,bursty,edgeweaver_no_model_switching,edgeweaver_no_model_switching,1,deadline_miss_cause_count,queue_delay,0.0,requests
ablation-bursty-edgeweaver_no_model_switching-seed-1,bursty,edgeweaver_no_model_switching,edgeweaver_no_model_switching,1,deadline_miss_cause_rate,queue_delay,0.0,ratio_of_completed_deadline_misses
ablation-bursty-edgeweaver_no_model_switching-seed-1,bursty,edgeweaver_no_model_switching,edgeweaver_no_model_switching,1,deadline_miss_cause_count,inference_time,0.0,requests
ablation-bursty-edgeweaver_no_model_switching-seed-1,bursty,edgeweaver_no_model_switching,edgeweaver_no_model_switching,1,deadline_miss_cause_rate,inference_time,0.0,ratio_of_completed_deadline_misses
ablation-bursty-edgeweaver_no_model_switching-seed-1,bursty,edgeweaver_no_model_switching,edgeweaver_no_model_switching,1,deadline_miss_cause_count,incorrect_static_estimate,0.0,requests
ablation-bursty-edgeweaver_no_model_switching-seed-1,bursty,edgeweaver_no_model_switching,edgeweaver_no_model_switching,1,deadline_miss_cause_rate,incorrect_static_estimate,0.0,ratio_of_completed_deadline_misses
ablation-bursty-edgeweaver_no_model_switching-seed-2,bursty,edgeweaver_no_model_switching,edgeweaver_no_model_switching,2,deadline_miss_cause_count,network_delay,0.0,requests
ablation-bursty-edgeweaver_no_model_switching-seed-2,bursty,edgeweaver_no_model_switching,edgeweaver_no_model_switching,2,deadline_miss_cause_rate,network_delay,0.0,ratio_of_completed_deadline_misses
ablation-bursty-edgeweaver_no_model_switching-seed-2,bursty,edgeweaver_no_model_switching,edgeweaver_no_model_switching,2,deadline_miss_cause_count,queue_delay,0.0,requests
ablation-bursty-edgeweaver_no_model_switching-seed-2,bursty,edgeweaver_no_model_switching,edgeweaver_no_model_switching,2,deadline_miss_cause_rate,queue_delay,0.0,ratio_of_completed_deadline_misses
ablation-bursty-edgeweaver_no_model_switching-seed-2,bursty,edgeweaver_no_model_switching,edgeweaver_no_model_switching,2,deadline_miss_cause_count,inference_time,0.0,requests
ablation-bursty-edgeweaver_no_model_switching-seed-2,bursty,edgeweaver_no_model_switching,edgeweaver_no_model_switching,2,deadline_miss_cause_rate,inference_time,0.0,ratio_of_completed_deadline_misses
ablation-bursty-edgeweaver_no_model_switching-seed-2,bursty,edgeweaver_no_model_switching,edgeweaver_no_model_switching,2,deadline_miss_cause_count,incorrect_static_estimate,0.0,requests
ablation-bursty-edgeweaver_no_model_switching-seed-2,bursty,edgeweaver_no_model_switching,edgeweaver_no_model_switching,2,deadline_miss_cause_rate,incorrect_static_estimate,0.0,ratio_of_completed_deadline_misses
ablation-bursty-edgeweaver_no_model_switching-seed-3,bursty,edgeweaver_no_model_switching,edgeweaver_no_model_switching,3,deadline_miss_cause_count,network_delay,0.0,requests
ablation-bursty-edgeweaver_no_model_switching-seed-3,bursty,edgeweaver_no_model_switching,edgeweaver_no_model_switching,3,deadline_miss_cause_rate,network_delay,0.0,ratio_of_completed_deadline_misses
ablation-bursty-edgeweaver_no_model_switching-seed-3,bursty,edgeweaver_no_model_switching,edgeweaver_no_model_switching,3,deadline_miss_cause_count,queue_delay,0.0,requests
ablation-bursty-edgeweaver_no_model_switching-seed-3,bursty,edgeweaver_no_model_switching,edgeweaver_no_model_switching,3,deadline_miss_cause_rate,queue_delay,0.0,ratio_of_completed_deadline_misses
ablation-bursty-edgeweaver_no_model_switching-seed-3,bursty,edgeweaver_no_model_switching,edgeweaver_no_model_switching,3,deadline_miss_cause_count,inference_time,0.0,requests
ablation-bursty-edgeweaver_no_model_switching-seed-3,bursty,edgeweaver_no_model_switching,edgeweaver_no_model_switching,3,deadline_miss_cause_rate,inference_time,0.0,ratio_of_completed_deadline_misses
ablation-bursty-edgeweaver_no_model_switching-seed-3,bursty,edgeweaver_no_model_switching,edgeweaver_no_model_switching,3,deadline_miss_cause_count,incorrect_static_estimate,0.0,requests
ablation-bursty-edgeweaver_no_model_switching-seed-3,bursty,edgeweaver_no_model_switching,edgeweaver_no_model_switching,3,deadline_miss_cause_rate,incorrect_static_estimate,0.0,ratio_of_completed_deadline_misses
ablation-bursty-edgeweaver_no_model_switching-seed-4,bursty,edgeweaver_no_model_switching,edgeweaver_no_model_switching,4,deadline_miss_cause_count,network_delay,0.0,requests
ablation-bursty-edgeweaver_no_model_switching-seed-4,bursty,edgeweaver_no_model_switching,edgeweaver_no_model_switching,4,deadline_miss_cause_rate,network_delay,0.0,ratio_of_completed_deadline_misses
ablation-bursty-edgeweaver_no_model_switching-seed-4,bursty,edgeweaver_no_model_switching,edgeweaver_no_model_switching,4,deadline_miss_cause_count,queue_delay,0.0,requests
ablation-bursty-edgeweaver_no_model_switching-seed-4,bursty,edgeweaver_no_model_switching,edgeweaver_no_model_switching,4,deadline_miss_cause_rate,queue_delay,0.0,ratio_of_completed_deadline_misses
ablation-bursty-edgeweaver_no_model_switching-seed-4,bursty,edgeweaver_no_model_switching,edgeweaver_no_model_switching,4,deadline_miss_cause_count,inference_time,0.0,requests
ablation-bursty-edgeweaver_no_model_switching-seed-4,bursty,edgeweaver_no_model_switching,edgeweaver_no_model_switching,4,deadline_miss_cause_rate,inference_time,0.0,ratio_of_completed_deadline_misses
ablation-bursty-edgeweaver_no_model_switching-seed-4,bursty,edgeweaver_no_model_switching,edgeweaver_no_model_switching,4,deadline_miss_cause_count,incorrect_static_estimate,0.0,requests
ablation-bursty-edgeweaver_no_model_switching-seed-4,bursty,edgeweaver_no_model_switching,edgeweaver_no_model_switching,4,deadline_miss_cause_rate,incorrect_static_estimate,0.0,ratio_of_completed_deadline_misses
ablation-bursty-edgeweaver_no_model_switching-seed-5,bursty,edgeweaver_no_model_switching,edgeweaver_no_model_switching,5,deadline_miss_cause_count,network_delay,0.0,requests
ablation-bursty-edgeweaver_no_model_switching-seed-5,bursty,edgeweaver_no_model_switching,edgeweaver_no_model_switching,5,deadline_miss_cause_rate,network_delay,0.0,ratio_of_completed_deadline_misses
ablation-bursty-edgeweaver_no_model_switching-seed-5,bursty,edgeweaver_no_model_switching,edgeweaver_no_model_switching,5,deadline_miss_cause_count,queue_delay,0.0,requests
ablation-bursty-edgeweaver_no_model_switching-seed-5,bursty,edgeweaver_no_model_switching,edgeweaver_no_model_switching,5,deadline_miss_cause_rate,queue_delay,0.0,ratio_of_completed_deadline_misses
ablation-bursty-edgeweaver_no_model_switching-seed-5,bursty,edgeweaver_no_model_switching,edgeweaver_no_model_switching,5,deadline_miss_cause_count,inference_time,0.0,requests
ablation-bursty-edgeweaver_no_model_switching-seed-5,bursty,edgeweaver_no_model_switching,edgeweaver_no_model_switching,5,deadline_miss_cause_rate,inference_time,0.0,ratio_of_completed_deadline_misses
ablation-bursty-edgeweaver_no_model_switching-seed-5,bursty,edgeweaver_no_model_switching,edgeweaver_no_model_switching,5,deadline_miss_cause_count,incorrect_static_estimate,0.0,requests
ablation-bursty-edgeweaver_no_model_switching-seed-5,bursty,edgeweaver_no_model_switching,edgeweaver_no_model_switching,5,deadline_miss_cause_rate,incorrect_static_estimate,0.0,ratio_of_completed_deadline_misses
core-bursty-fastest_device-seed-1,bursty,fastest_device,fastest_device,1,deadline_miss_cause_count,network_delay,0.0,requests
core-bursty-fastest_device-seed-1,bursty,fastest_device,fastest_device,1,deadline_miss_cause_rate,network_delay,0.0,ratio_of_completed_deadline_misses
core-bursty-fastest_device-seed-1,bursty,fastest_device,fastest_device,1,deadline_miss_cause_count,queue_delay,0.0,requests
core-bursty-fastest_device-seed-1,bursty,fastest_device,fastest_device,1,deadline_miss_cause_rate,queue_delay,0.0,ratio_of_completed_deadline_misses
core-bursty-fastest_device-seed-1,bursty,fastest_device,fastest_device,1,deadline_miss_cause_count,inference_time,0.0,requests
core-bursty-fastest_device-seed-1,bursty,fastest_device,fastest_device,1,deadline_miss_cause_rate,inference_time,0.0,ratio_of_completed_deadline_misses
core-bursty-fastest_device-seed-1,bursty,fastest_device,fastest_device,1,deadline_miss_cause_count,incorrect_static_estimate,0.0,requests
core-bursty-fastest_device-seed-1,bursty,fastest_device,fastest_device,1,deadline_miss_cause_rate,incorrect_static_estimate,0.0,ratio_of_completed_deadline_misses
core-bursty-fastest_device-seed-2,bursty,fastest_device,fastest_device,2,deadline_miss_cause_count,network_delay,0.0,requests
core-bursty-fastest_device-seed-2,bursty,fastest_device,fastest_device,2,deadline_miss_cause_rate,network_delay,0.0,ratio_of_completed_deadline_misses
core-bursty-fastest_device-seed-2,bursty,fastest_device,fastest_device,2,deadline_miss_cause_count,queue_delay,0.0,requests
core-bursty-fastest_device-seed-2,bursty,fastest_device,fastest_device,2,deadline_miss_cause_rate,queue_delay,0.0,ratio_of_completed_deadline_misses
core-bursty-fastest_device-seed-2,bursty,fastest_device,fastest_device,2,deadline_miss_cause_count,inference_time,0.0,requests
core-bursty-fastest_device-seed-2,bursty,fastest_device,fastest_device,2,deadline_miss_cause_rate,inference_time,0.0,ratio_of_completed_deadline_misses
core-bursty-fastest_device-seed-2,bursty,fastest_device,fastest_device,2,deadline_miss_cause_count,incorrect_static_estimate,0.0,requests
core-bursty-fastest_device-seed-2,bursty,fastest_device,fastest_device,2,deadline_miss_cause_rate,incorrect_static_estimate,0.0,ratio_of_completed_deadline_misses
core-bursty-fastest_device-seed-3,bursty,fastest_device,fastest_device,3,deadline_miss_cause_count,network_delay,0.0,requests
core-bursty-fastest_device-seed-3,bursty,fastest_device,fastest_device,3,deadline_miss_cause_rate,network_delay,0.0,ratio_of_completed_deadline_misses
core-bursty-fastest_device-seed-3,bursty,fastest_device,fastest_device,3,deadline_miss_cause_count,queue_delay,0.0,requests
core-bursty-fastest_device-seed-3,bursty,fastest_device,fastest_device,3,deadline_miss_cause_rate,queue_delay,0.0,ratio_of_completed_deadline_misses
core-bursty-fastest_device-seed-3,bursty,fastest_device,fastest_device,3,deadline_miss_cause_count,inference_time,0.0,requests
core-bursty-fastest_device-seed-3,bursty,fastest_device,fastest_device,3,deadline_miss_cause_rate,inference_time,0.0,ratio_of_completed_deadline_misses
core-bursty-fastest_device-seed-3,bursty,fastest_device,fastest_device,3,deadline_miss_cause_count,incorrect_static_estimate,0.0,requests
core-bursty-fastest_device-seed-3,bursty,fastest_device,fastest_device,3,deadline_miss_cause_rate,incorrect_static_estimate,0.0,ratio_of_completed_deadline_misses
core-bursty-fastest_device-seed-4,bursty,fastest_device,fastest_device,4,deadline_miss_cause_count,network_delay,0.0,requests
core-bursty-fastest_device-seed-4,bursty,fastest_device,fastest_device,4,deadline_miss_cause_rate,network_delay,0.0,ratio_of_completed_deadline_misses
core-bursty-fastest_device-seed-4,bursty,fastest_device,fastest_device,4,deadline_miss_cause_count,queue_delay,0.0,requests
core-bursty-fastest_device-seed-4,bursty,fastest_device,fastest_device,4,deadline_miss_cause_rate,queue_delay,0.0,ratio_of_completed_deadline_misses
core-bursty-fastest_device-seed-4,bursty,fastest_device,fastest_device,4,deadline_miss_cause_count,inference_time,0.0,requests
core-bursty-fastest_device-seed-4,bursty,fastest_device,fastest_device,4,deadline_miss_cause_rate,inference_time,0.0,ratio_of_completed_deadline_misses
core-bursty-fastest_device-seed-4,bursty,fastest_device,fastest_device,4,deadline_miss_cause_count,incorrect_static_estimate,0.0,requests
core-bursty-fastest_device-seed-4,bursty,fastest_device,fastest_device,4,deadline_miss_cause_rate,incorrect_static_estimate,0.0,ratio_of_completed_deadline_misses
core-bursty-fastest_device-seed-5,bursty,fastest_device,fastest_device,5,deadline_miss_cause_count,network_delay,0.0,requests
core-bursty-fastest_device-seed-5,bursty,fastest_device,fastest_device,5,deadline_miss_cause_rate,network_delay,0.0,ratio_of_completed_deadline_misses
core-bursty-fastest_device-seed-5,bursty,fastest_device,fastest_device,5,deadline_miss_cause_count,queue_delay,0.0,requests
core-bursty-fastest_device-seed-5,bursty,fastest_device,fastest_device,5,deadline_miss_cause_rate,queue_delay,0.0,ratio_of_completed_deadline_misses
core-bursty-fastest_device-seed-5,bursty,fastest_device,fastest_device,5,deadline_miss_cause_count,inference_time,0.0,requests
core-bursty-fastest_device-seed-5,bursty,fastest_device,fastest_device,5,deadline_miss_cause_rate,inference_time,0.0,ratio_of_completed_deadline_misses
core-bursty-fastest_device-seed-5,bursty,fastest_device,fastest_device,5,deadline_miss_cause_count,incorrect_static_estimate,0.0,requests
core-bursty-fastest_device-seed-5,bursty,fastest_device,fastest_device,5,deadline_miss_cause_rate,incorrect_static_estimate,0.0,ratio_of_completed_deadline_misses
core-bursty-min_completion-seed-1,bursty,min_completion,min_completion,1,deadline_miss_cause_count,network_delay,0.0,requests
core-bursty-min_completion-seed-1,bursty,min_completion,min_completion,1,deadline_miss_cause_rate,network_delay,0.0,ratio_of_completed_deadline_misses
core-bursty-min_completion-seed-1,bursty,min_completion,min_completion,1,deadline_miss_cause_count,queue_delay,0.0,requests
core-bursty-min_completion-seed-1,bursty,min_completion,min_completion,1,deadline_miss_cause_rate,queue_delay,0.0,ratio_of_completed_deadline_misses
core-bursty-min_completion-seed-1,bursty,min_completion,min_completion,1,deadline_miss_cause_count,inference_time,0.0,requests
core-bursty-min_completion-seed-1,bursty,min_completion,min_completion,1,deadline_miss_cause_rate,inference_time,0.0,ratio_of_completed_deadline_misses
core-bursty-min_completion-seed-1,bursty,min_completion,min_completion,1,deadline_miss_cause_count,incorrect_static_estimate,0.0,requests
core-bursty-min_completion-seed-1,bursty,min_completion,min_completion,1,deadline_miss_cause_rate,incorrect_static_estimate,0.0,ratio_of_completed_deadline_misses
core-bursty-min_completion-seed-2,bursty,min_completion,min_completion,2,deadline_miss_cause_count,network_delay,0.0,requests
core-bursty-min_completion-seed-2,bursty,min_completion,min_completion,2,deadline_miss_cause_rate,network_delay,0.0,ratio_of_completed_deadline_misses
core-bursty-min_completion-seed-2,bursty,min_completion,min_completion,2,deadline_miss_cause_count,queue_delay,0.0,requests
core-bursty-min_completion-seed-2,bursty,min_completion,min_completion,2,deadline_miss_cause_rate,queue_delay,0.0,ratio_of_completed_deadline_misses
core-bursty-min_completion-seed-2,bursty,min_completion,min_completion,2,deadline_miss_cause_count,inference_time,0.0,requests
core-bursty-min_completion-seed-2,bursty,min_completion,min_completion,2,deadline_miss_cause_rate,inference_time,0.0,ratio_of_completed_deadline_misses
core-bursty-min_completion-seed-2,bursty,min_completion,min_completion,2,deadline_miss_cause_count,incorrect_static_estimate,0.0,requests
core-bursty-min_completion-seed-2,bursty,min_completion,min_completion,2,deadline_miss_cause_rate,incorrect_static_estimate,0.0,ratio_of_completed_deadline_misses
core-bursty-min_completion-seed-3,bursty,min_completion,min_completion,3,deadline_miss_cause_count,network_delay,0.0,requests
core-bursty-min_completion-seed-3,bursty,min_completion,min_completion,3,deadline_miss_cause_rate,network_delay,0.0,ratio_of_completed_deadline_misses
core-bursty-min_completion-seed-3,bursty,min_completion,min_completion,3,deadline_miss_cause_count,queue_delay,0.0,requests
core-bursty-min_completion-seed-3,bursty,min_completion,min_completion,3,deadline_miss_cause_rate,queue_delay,0.0,ratio_of_completed_deadline_misses
core-bursty-min_completion-seed-3,bursty,min_completion,min_completion,3,deadline_miss_cause_count,inference_time,0.0,requests
core-bursty-min_completion-seed-3,bursty,min_completion,min_completion,3,deadline_miss_cause_rate,inference_time,0.0,ratio_of_completed_deadline_misses
core-bursty-min_completion-seed-3,bursty,min_completion,min_completion,3,deadline_miss_cause_count,incorrect_static_estimate,0.0,requests
core-bursty-min_completion-seed-3,bursty,min_completion,min_completion,3,deadline_miss_cause_rate,incorrect_static_estimate,0.0,ratio_of_completed_deadline_misses
core-bursty-min_completion-seed-4,bursty,min_completion,min_completion,4,deadline_miss_cause_count,network_delay,0.0,requests
core-bursty-min_completion-seed-4,bursty,min_completion,min_completion,4,deadline_miss_cause_rate,network_delay,0.0,ratio_of_completed_deadline_misses
core-bursty-min_completion-seed-4,bursty,min_completion,min_completion,4,deadline_miss_cause_count,queue_delay,0.0,requests
core-bursty-min_completion-seed-4,bursty,min_completion,min_completion,4,deadline_miss_cause_rate,queue_delay,0.0,ratio_of_completed_deadline_misses
core-bursty-min_completion-seed-4,bursty,min_completion,min_completion,4,deadline_miss_cause_count,inference_time,0.0,requests
core-bursty-min_completion-seed-4,bursty,min_completion,min_completion,4,deadline_miss_cause_rate,inference_time,0.0,ratio_of_completed_deadline_misses
core-bursty-min_completion-seed-4,bursty,min_completion,min_completion,4,deadline_miss_cause_count,incorrect_static_estimate,0.0,requests
core-bursty-min_completion-seed-4,bursty,min_completion,min_completion,4,deadline_miss_cause_rate,incorrect_static_estimate,0.0,ratio_of_completed_deadline_misses
core-bursty-min_completion-seed-5,bursty,min_completion,min_completion,5,deadline_miss_cause_count,network_delay,0.0,requests
core-bursty-min_completion-seed-5,bursty,min_completion,min_completion,5,deadline_miss_cause_rate,network_delay,0.0,ratio_of_completed_deadline_misses
core-bursty-min_completion-seed-5,bursty,min_completion,min_completion,5,deadline_miss_cause_count,queue_delay,0.0,requests
core-bursty-min_completion-seed-5,bursty,min_completion,min_completion,5,deadline_miss_cause_rate,queue_delay,0.0,ratio_of_completed_deadline_misses
core-bursty-min_completion-seed-5,bursty,min_completion,min_completion,5,deadline_miss_cause_count,inference_time,0.0,requests
core-bursty-min_completion-seed-5,bursty,min_completion,min_completion,5,deadline_miss_cause_rate,inference_time,0.0,ratio_of_completed_deadline_misses
core-bursty-min_completion-seed-5,bursty,min_completion,min_completion,5,deadline_miss_cause_count,incorrect_static_estimate,0.0,requests
core-bursty-min_completion-seed-5,bursty,min_completion,min_completion,5,deadline_miss_cause_rate,incorrect_static_estimate,0.0,ratio_of_completed_deadline_misses
core-bursty-round_robin-seed-1,bursty,round_robin,round_robin,1,deadline_miss_cause_count,network_delay,0.0,requests
core-bursty-round_robin-seed-1,bursty,round_robin,round_robin,1,deadline_miss_cause_rate,network_delay,0.0,ratio_of_completed_deadline_misses
core-bursty-round_robin-seed-1,bursty,round_robin,round_robin,1,deadline_miss_cause_count,queue_delay,0.0,requests
core-bursty-round_robin-seed-1,bursty,round_robin,round_robin,1,deadline_miss_cause_rate,queue_delay,0.0,ratio_of_completed_deadline_misses
core-bursty-round_robin-seed-1,bursty,round_robin,round_robin,1,deadline_miss_cause_count,inference_time,0.0,requests
core-bursty-round_robin-seed-1,bursty,round_robin,round_robin,1,deadline_miss_cause_rate,inference_time,0.0,ratio_of_completed_deadline_misses
core-bursty-round_robin-seed-1,bursty,round_robin,round_robin,1,deadline_miss_cause_count,incorrect_static_estimate,0.0,requests
core-bursty-round_robin-seed-1,bursty,round_robin,round_robin,1,deadline_miss_cause_rate,incorrect_static_estimate,0.0,ratio_of_completed_deadline_misses
core-bursty-round_robin-seed-2,bursty,round_robin,round_robin,2,deadline_miss_cause_count,network_delay,0.0,requests
core-bursty-round_robin-seed-2,bursty,round_robin,round_robin,2,deadline_miss_cause_rate,network_delay,0.0,ratio_of_completed_deadline_misses
core-bursty-round_robin-seed-2,bursty,round_robin,round_robin,2,deadline_miss_cause_count,queue_delay,0.0,requests
core-bursty-round_robin-seed-2,bursty,round_robin,round_robin,2,deadline_miss_cause_rate,queue_delay,0.0,ratio_of_completed_deadline_misses
core-bursty-round_robin-seed-2,bursty,round_robin,round_robin,2,deadline_miss_cause_count,inference_time,0.0,requests
core-bursty-round_robin-seed-2,bursty,round_robin,round_robin,2,deadline_miss_cause_rate,inference_time,0.0,ratio_of_completed_deadline_misses
core-bursty-round_robin-seed-2,bursty,round_robin,round_robin,2,deadline_miss_cause_count,incorrect_static_estimate,0.0,requests
core-bursty-round_robin-seed-2,bursty,round_robin,round_robin,2,deadline_miss_cause_rate,incorrect_static_estimate,0.0,ratio_of_completed_deadline_misses
core-bursty-round_robin-seed-3,bursty,round_robin,round_robin,3,deadline_miss_cause_count,network_delay,0.0,requests
core-bursty-round_robin-seed-3,bursty,round_robin,round_robin,3,deadline_miss_cause_rate,network_delay,0.0,ratio_of_completed_deadline_misses
core-bursty-round_robin-seed-3,bursty,round_robin,round_robin,3,deadline_miss_cause_count,queue_delay,0.0,requests
core-bursty-round_robin-seed-3,bursty,round_robin,round_robin,3,deadline_miss_cause_rate,queue_delay,0.0,ratio_of_completed_deadline_misses
core-bursty-round_robin-seed-3,bursty,round_robin,round_robin,3,deadline_miss_cause_count,inference_time,0.0,requests
core-bursty-round_robin-seed-3,bursty,round_robin,round_robin,3,deadline_miss_cause_rate,inference_time,0.0,ratio_of_completed_deadline_misses
core-bursty-round_robin-seed-3,bursty,round_robin,round_robin,3,deadline_miss_cause_count,incorrect_static_estimate,0.0,requests
core-bursty-round_robin-seed-3,bursty,round_robin,round_robin,3,deadline_miss_cause_rate,incorrect_static_estimate,0.0,ratio_of_completed_deadline_misses
core-bursty-round_robin-seed-4,bursty,round_robin,round_robin,4,deadline_miss_cause_count,network_delay,0.0,requests
core-bursty-round_robin-seed-4,bursty,round_robin,round_robin,4,deadline_miss_cause_rate,network_delay,0.0,ratio_of_completed_deadline_misses
core-bursty-round_robin-seed-4,bursty,round_robin,round_robin,4,deadline_miss_cause_count,queue_delay,0.0,requests
core-bursty-round_robin-seed-4,bursty,round_robin,round_robin,4,deadline_miss_cause_rate,queue_delay,0.0,ratio_of_completed_deadline_misses
core-bursty-round_robin-seed-4,bursty,round_robin,round_robin,4,deadline_miss_cause_count,inference_time,0.0,requests
core-bursty-round_robin-seed-4,bursty,round_robin,round_robin,4,deadline_miss_cause_rate,inference_time,0.0,ratio_of_completed_deadline_misses
core-bursty-round_robin-seed-4,bursty,round_robin,round_robin,4,deadline_miss_cause_count,incorrect_static_estimate,0.0,requests
core-bursty-round_robin-seed-4,bursty,round_robin,round_robin,4,deadline_miss_cause_rate,incorrect_static_estimate,0.0,ratio_of_completed_deadline_misses
core-bursty-round_robin-seed-5,bursty,round_robin,round_robin,5,deadline_miss_cause_count,network_delay,0.0,requests
core-bursty-round_robin-seed-5,bursty,round_robin,round_robin,5,deadline_miss_cause_rate,network_delay,0.0,ratio_of_completed_deadline_misses
core-bursty-round_robin-seed-5,bursty,round_robin,round_robin,5,deadline_miss_cause_count,queue_delay,0.0,requests
core-bursty-round_robin-seed-5,bursty,round_robin,round_robin,5,deadline_miss_cause_rate,queue_delay,0.0,ratio_of_completed_deadline_misses
core-bursty-round_robin-seed-5,bursty,round_robin,round_robin,5,deadline_miss_cause_count,inference_time,0.0,requests
core-bursty-round_robin-seed-5,bursty,round_robin,round_robin,5,deadline_miss_cause_rate,inference_time,0.0,ratio_of_completed_deadline_misses
core-bursty-round_robin-seed-5,bursty,round_robin,round_robin,5,deadline_miss_cause_count,incorrect_static_estimate,0.0,requests
core-bursty-round_robin-seed-5,bursty,round_robin,round_robin,5,deadline_miss_cause_rate,incorrect_static_estimate,0.0,ratio_of_completed_deadline_misses
core-device_slowdown-edgeweaver-seed-1,device_slowdown,edgeweaver,edgeweaver,1,deadline_miss_cause_count,network_delay,0.0,requests
core-device_slowdown-edgeweaver-seed-1,device_slowdown,edgeweaver,edgeweaver,1,deadline_miss_cause_rate,network_delay,0.0,ratio_of_completed_deadline_misses
core-device_slowdown-edgeweaver-seed-1,device_slowdown,edgeweaver,edgeweaver,1,deadline_miss_cause_count,queue_delay,0.0,requests
core-device_slowdown-edgeweaver-seed-1,device_slowdown,edgeweaver,edgeweaver,1,deadline_miss_cause_rate,queue_delay,0.0,ratio_of_completed_deadline_misses
core-device_slowdown-edgeweaver-seed-1,device_slowdown,edgeweaver,edgeweaver,1,deadline_miss_cause_count,inference_time,0.0,requests
core-device_slowdown-edgeweaver-seed-1,device_slowdown,edgeweaver,edgeweaver,1,deadline_miss_cause_rate,inference_time,0.0,ratio_of_completed_deadline_misses
core-device_slowdown-edgeweaver-seed-1,device_slowdown,edgeweaver,edgeweaver,1,deadline_miss_cause_count,incorrect_static_estimate,0.0,requests
core-device_slowdown-edgeweaver-seed-1,device_slowdown,edgeweaver,edgeweaver,1,deadline_miss_cause_rate,incorrect_static_estimate,0.0,ratio_of_completed_deadline_misses
core-device_slowdown-edgeweaver-seed-2,device_slowdown,edgeweaver,edgeweaver,2,deadline_miss_cause_count,network_delay,0.0,requests
core-device_slowdown-edgeweaver-seed-2,device_slowdown,edgeweaver,edgeweaver,2,deadline_miss_cause_rate,network_delay,0.0,ratio_of_completed_deadline_misses
core-device_slowdown-edgeweaver-seed-2,device_slowdown,edgeweaver,edgeweaver,2,deadline_miss_cause_count,queue_delay,0.0,requests
core-device_slowdown-edgeweaver-seed-2,device_slowdown,edgeweaver,edgeweaver,2,deadline_miss_cause_rate,queue_delay,0.0,ratio_of_completed_deadline_misses
core-device_slowdown-edgeweaver-seed-2,device_slowdown,edgeweaver,edgeweaver,2,deadline_miss_cause_count,inference_time,0.0,requests
core-device_slowdown-edgeweaver-seed-2,device_slowdown,edgeweaver,edgeweaver,2,deadline_miss_cause_rate,inference_time,0.0,ratio_of_completed_deadline_misses
core-device_slowdown-edgeweaver-seed-2,device_slowdown,edgeweaver,edgeweaver,2,deadline_miss_cause_count,incorrect_static_estimate,0.0,requests
core-device_slowdown-edgeweaver-seed-2,device_slowdown,edgeweaver,edgeweaver,2,deadline_miss_cause_rate,incorrect_static_estimate,0.0,ratio_of_completed_deadline_misses
core-device_slowdown-edgeweaver-seed-3,device_slowdown,edgeweaver,edgeweaver,3,deadline_miss_cause_count,network_delay,0.0,requests
core-device_slowdown-edgeweaver-seed-3,device_slowdown,edgeweaver,edgeweaver,3,deadline_miss_cause_rate,network_delay,0.0,ratio_of_completed_deadline_misses
core-device_slowdown-edgeweaver-seed-3,device_slowdown,edgeweaver,edgeweaver,3,deadline_miss_cause_count,queue_delay,0.0,requests
core-device_slowdown-edgeweaver-seed-3,device_slowdown,edgeweaver,edgeweaver,3,deadline_miss_cause_rate,queue_delay,0.0,ratio_of_completed_deadline_misses
core-device_slowdown-edgeweaver-seed-3,device_slowdown,edgeweaver,edgeweaver,3,deadline_miss_cause_count,inference_time,0.0,requests
core-device_slowdown-edgeweaver-seed-3,device_slowdown,edgeweaver,edgeweaver,3,deadline_miss_cause_rate,inference_time,0.0,ratio_of_completed_deadline_misses
core-device_slowdown-edgeweaver-seed-3,device_slowdown,edgeweaver,edgeweaver,3,deadline_miss_cause_count,incorrect_static_estimate,0.0,requests
core-device_slowdown-edgeweaver-seed-3,device_slowdown,edgeweaver,edgeweaver,3,deadline_miss_cause_rate,incorrect_static_estimate,0.0,ratio_of_completed_deadline_misses
core-device_slowdown-edgeweaver-seed-4,device_slowdown,edgeweaver,edgeweaver,4,deadline_miss_cause_count,network_delay,0.0,requests
core-device_slowdown-edgeweaver-seed-4,device_slowdown,edgeweaver,edgeweaver,4,deadline_miss_cause_rate,network_delay,0.0,ratio_of_completed_deadline_misses
core-device_slowdown-edgeweaver-seed-4,device_slowdown,edgeweaver,edgeweaver,4,deadline_miss_cause_count,queue_delay,0.0,requests
core-device_slowdown-edgeweaver-seed-4,device_slowdown,edgeweaver,edgeweaver,4,deadline_miss_cause_rate,queue_delay,0.0,ratio_of_completed_deadline_misses
core-device_slowdown-edgeweaver-seed-4,device_slowdown,edgeweaver,edgeweaver,4,deadline_miss_cause_count,inference_time,0.0,requests
core-device_slowdown-edgeweaver-seed-4,device_slowdown,edgeweaver,edgeweaver,4,deadline_miss_cause_rate,inference_time,0.0,ratio_of_completed_deadline_misses
core-device_slowdown-edgeweaver-seed-4,device_slowdown,edgeweaver,edgeweaver,4,deadline_miss_cause_count,incorrect_static_estimate,0.0,requests
core-device_slowdown-edgeweaver-seed-4,device_slowdown,edgeweaver,edgeweaver,4,deadline_miss_cause_rate,incorrect_static_estimate,0.0,ratio_of_completed_deadline_misses
core-device_slowdown-edgeweaver-seed-5,device_slowdown,edgeweaver,edgeweaver,5,deadline_miss_cause_count,network_delay,0.0,requests
core-device_slowdown-edgeweaver-seed-5,device_slowdown,edgeweaver,edgeweaver,5,deadline_miss_cause_rate,network_delay,0.0,ratio_of_completed_deadline_misses
core-device_slowdown-edgeweaver-seed-5,device_slowdown,edgeweaver,edgeweaver,5,deadline_miss_cause_count,queue_delay,0.0,requests
core-device_slowdown-edgeweaver-seed-5,device_slowdown,edgeweaver,edgeweaver,5,deadline_miss_cause_rate,queue_delay,0.0,ratio_of_completed_deadline_misses
core-device_slowdown-edgeweaver-seed-5,device_slowdown,edgeweaver,edgeweaver,5,deadline_miss_cause_count,inference_time,0.0,requests
core-device_slowdown-edgeweaver-seed-5,device_slowdown,edgeweaver,edgeweaver,5,deadline_miss_cause_rate,inference_time,0.0,ratio_of_completed_deadline_misses
core-device_slowdown-edgeweaver-seed-5,device_slowdown,edgeweaver,edgeweaver,5,deadline_miss_cause_count,incorrect_static_estimate,0.0,requests
core-device_slowdown-edgeweaver-seed-5,device_slowdown,edgeweaver,edgeweaver,5,deadline_miss_cause_rate,incorrect_static_estimate,0.0,ratio_of_completed_deadline_misses
ablation-device_slowdown-edgeweaver_no_online_update-seed-1,device_slowdown,edgeweaver_no_online_update,edgeweaver_no_online_update,1,deadline_miss_cause_count,network_delay,0.0,requests
ablation-device_slowdown-edgeweaver_no_online_update-seed-1,device_slowdown,edgeweaver_no_online_update,edgeweaver_no_online_update,1,deadline_miss_cause_rate,network_delay,0.0,ratio_of_completed_deadline_misses
ablation-device_slowdown-edgeweaver_no_online_update-seed-1,device_slowdown,edgeweaver_no_online_update,edgeweaver_no_online_update,1,deadline_miss_cause_count,queue_delay,0.0,requests
ablation-device_slowdown-edgeweaver_no_online_update-seed-1,device_slowdown,edgeweaver_no_online_update,edgeweaver_no_online_update,1,deadline_miss_cause_rate,queue_delay,0.0,ratio_of_completed_deadline_misses
ablation-device_slowdown-edgeweaver_no_online_update-seed-1,device_slowdown,edgeweaver_no_online_update,edgeweaver_no_online_update,1,deadline_miss_cause_count,inference_time,0.0,requests
ablation-device_slowdown-edgeweaver_no_online_update-seed-1,device_slowdown,edgeweaver_no_online_update,edgeweaver_no_online_update,1,deadline_miss_cause_rate,inference_time,0.0,ratio_of_completed_deadline_misses
ablation-device_slowdown-edgeweaver_no_online_update-seed-1,device_slowdown,edgeweaver_no_online_update,edgeweaver_no_online_update,1,deadline_miss_cause_count,incorrect_static_estimate,0.0,requests
ablation-device_slowdown-edgeweaver_no_online_update-seed-1,device_slowdown,edgeweaver_no_online_update,edgeweaver_no_online_update,1,deadline_miss_cause_rate,incorrect_static_estimate,0.0,ratio_of_completed_deadline_misses
ablation-device_slowdown-edgeweaver_no_online_update-seed-2,device_slowdown,edgeweaver_no_online_update,edgeweaver_no_online_update,2,deadline_miss_cause_count,network_delay,0.0,requests
ablation-device_slowdown-edgeweaver_no_online_update-seed-2,device_slowdown,edgeweaver_no_online_update,edgeweaver_no_online_update,2,deadline_miss_cause_rate,network_delay,0.0,ratio_of_completed_deadline_misses
ablation-device_slowdown-edgeweaver_no_online_update-seed-2,device_slowdown,edgeweaver_no_online_update,edgeweaver_no_online_update,2,deadline_miss_cause_count,queue_delay,0.0,requests
ablation-device_slowdown-edgeweaver_no_online_update-seed-2,device_slowdown,edgeweaver_no_online_update,edgeweaver_no_online_update,2,deadline_miss_cause_rate,queue_delay,0.0,ratio_of_completed_deadline_misses
ablation-device_slowdown-edgeweaver_no_online_update-seed-2,device_slowdown,edgeweaver_no_online_update,edgeweaver_no_online_update,2,deadline_miss_cause_count,inference_time,0.0,requests
ablation-device_slowdown-edgeweaver_no_online_update-seed-2,device_slowdown,edgeweaver_no_online_update,edgeweaver_no_online_update,2,deadline_miss_cause_rate,inference_time,0.0,ratio_of_completed_deadline_misses
ablation-device_slowdown-edgeweaver_no_online_update-seed-2,device_slowdown,edgeweaver_no_online_update,edgeweaver_no_online_update,2,deadline_miss_cause_count,incorrect_static_estimate,0.0,requests
ablation-device_slowdown-edgeweaver_no_online_update-seed-2,device_slowdown,edgeweaver_no_online_update,edgeweaver_no_online_update,2,deadline_miss_cause_rate,incorrect_static_estimate,0.0,ratio_of_completed_deadline_misses
ablation-device_slowdown-edgeweaver_no_online_update-seed-3,device_slowdown,edgeweaver_no_online_update,edgeweaver_no_online_update,3,deadline_miss_cause_count,network_delay,0.0,requests
ablation-device_slowdown-edgeweaver_no_online_update-seed-3,device_slowdown,edgeweaver_no_online_update,edgeweaver_no_online_update,3,deadline_miss_cause_rate,network_delay,0.0,ratio_of_completed_deadline_misses
ablation-device_slowdown-edgeweaver_no_online_update-seed-3,device_slowdown,edgeweaver_no_online_update,edgeweaver_no_online_update,3,deadline_miss_cause_count,queue_delay,0.0,requests
ablation-device_slowdown-edgeweaver_no_online_update-seed-3,device_slowdown,edgeweaver_no_online_update,edgeweaver_no_online_update,3,deadline_miss_cause_rate,queue_delay,0.0,ratio_of_completed_deadline_misses
ablation-device_slowdown-edgeweaver_no_online_update-seed-3,device_slowdown,edgeweaver_no_online_update,edgeweaver_no_online_update,3,deadline_miss_cause_count,inference_time,0.0,requests
ablation-device_slowdown-edgeweaver_no_online_update-seed-3,device_slowdown,edgeweaver_no_online_update,edgeweaver_no_online_update,3,deadline_miss_cause_rate,inference_time,0.0,ratio_of_completed_deadline_misses
ablation-device_slowdown-edgeweaver_no_online_update-seed-3,device_slowdown,edgeweaver_no_online_update,edgeweaver_no_online_update,3,deadline_miss_cause_count,incorrect_static_estimate,0.0,requests
ablation-device_slowdown-edgeweaver_no_online_update-seed-3,device_slowdown,edgeweaver_no_online_update,edgeweaver_no_online_update,3,deadline_miss_cause_rate,incorrect_static_estimate,0.0,ratio_of_completed_deadline_misses
ablation-device_slowdown-edgeweaver_no_online_update-seed-4,device_slowdown,edgeweaver_no_online_update,edgeweaver_no_online_update,4,deadline_miss_cause_count,network_delay,0.0,requests
ablation-device_slowdown-edgeweaver_no_online_update-seed-4,device_slowdown,edgeweaver_no_online_update,edgeweaver_no_online_update,4,deadline_miss_cause_rate,network_delay,0.0,ratio_of_completed_deadline_misses
ablation-device_slowdown-edgeweaver_no_online_update-seed-4,device_slowdown,edgeweaver_no_online_update,edgeweaver_no_online_update,4,deadline_miss_cause_count,queue_delay,0.0,requests
ablation-device_slowdown-edgeweaver_no_online_update-seed-4,device_slowdown,edgeweaver_no_online_update,edgeweaver_no_online_update,4,deadline_miss_cause_rate,queue_delay,0.0,ratio_of_completed_deadline_misses
ablation-device_slowdown-edgeweaver_no_online_update-seed-4,device_slowdown,edgeweaver_no_online_update,edgeweaver_no_online_update,4,deadline_miss_cause_count,inference_time,0.0,requests
ablation-device_slowdown-edgeweaver_no_online_update-seed-4,device_slowdown,edgeweaver_no_online_update,edgeweaver_no_online_update,4,deadline_miss_cause_rate,inference_time,0.0,ratio_of_completed_deadline_misses
ablation-device_slowdown-edgeweaver_no_online_update-seed-4,device_slowdown,edgeweaver_no_online_update,edgeweaver_no_online_update,4,deadline_miss_cause_count,incorrect_static_estimate,0.0,requests
ablation-device_slowdown-edgeweaver_no_online_update-seed-4,device_slowdown,edgeweaver_no_online_update,edgeweaver_no_online_update,4,deadline_miss_cause_rate,incorrect_static_estimate,0.0,ratio_of_completed_deadline_misses
ablation-device_slowdown-edgeweaver_no_online_update-seed-5,device_slowdown,edgeweaver_no_online_update,edgeweaver_no_online_update,5,deadline_miss_cause_count,network_delay,0.0,requests
ablation-device_slowdown-edgeweaver_no_online_update-seed-5,device_slowdown,edgeweaver_no_online_update,edgeweaver_no_online_update,5,deadline_miss_cause_rate,network_delay,0.0,ratio_of_completed_deadline_misses
ablation-device_slowdown-edgeweaver_no_online_update-seed-5,device_slowdown,edgeweaver_no_online_update,edgeweaver_no_online_update,5,deadline_miss_cause_count,queue_delay,0.0,requests
ablation-device_slowdown-edgeweaver_no_online_update-seed-5,device_slowdown,edgeweaver_no_online_update,edgeweaver_no_online_update,5,deadline_miss_cause_rate,queue_delay,0.0,ratio_of_completed_deadline_misses
ablation-device_slowdown-edgeweaver_no_online_update-seed-5,device_slowdown,edgeweaver_no_online_update,edgeweaver_no_online_update,5,deadline_miss_cause_count,inference_time,0.0,requests
ablation-device_slowdown-edgeweaver_no_online_update-seed-5,device_slowdown,edgeweaver_no_online_update,edgeweaver_no_online_update,5,deadline_miss_cause_rate,inference_time,0.0,ratio_of_completed_deadline_misses
ablation-device_slowdown-edgeweaver_no_online_update-seed-5,device_slowdown,edgeweaver_no_online_update,edgeweaver_no_online_update,5,deadline_miss_cause_count,incorrect_static_estimate,0.0,requests
ablation-device_slowdown-edgeweaver_no_online_update-seed-5,device_slowdown,edgeweaver_no_online_update,edgeweaver_no_online_update,5,deadline_miss_cause_rate,incorrect_static_estimate,0.0,ratio_of_completed_deadline_misses
core-device_slowdown-fastest_device-seed-1,device_slowdown,fastest_device,fastest_device,1,deadline_miss_cause_count,network_delay,0.0,requests
core-device_slowdown-fastest_device-seed-1,device_slowdown,fastest_device,fastest_device,1,deadline_miss_cause_rate,network_delay,0.0,ratio_of_completed_deadline_misses
core-device_slowdown-fastest_device-seed-1,device_slowdown,fastest_device,fastest_device,1,deadline_miss_cause_count,queue_delay,0.0,requests
core-device_slowdown-fastest_device-seed-1,device_slowdown,fastest_device,fastest_device,1,deadline_miss_cause_rate,queue_delay,0.0,ratio_of_completed_deadline_misses
core-device_slowdown-fastest_device-seed-1,device_slowdown,fastest_device,fastest_device,1,deadline_miss_cause_count,inference_time,0.0,requests
core-device_slowdown-fastest_device-seed-1,device_slowdown,fastest_device,fastest_device,1,deadline_miss_cause_rate,inference_time,0.0,ratio_of_completed_deadline_misses
core-device_slowdown-fastest_device-seed-1,device_slowdown,fastest_device,fastest_device,1,deadline_miss_cause_count,incorrect_static_estimate,0.0,requests
core-device_slowdown-fastest_device-seed-1,device_slowdown,fastest_device,fastest_device,1,deadline_miss_cause_rate,incorrect_static_estimate,0.0,ratio_of_completed_deadline_misses
core-device_slowdown-fastest_device-seed-2,device_slowdown,fastest_device,fastest_device,2,deadline_miss_cause_count,network_delay,0.0,requests
core-device_slowdown-fastest_device-seed-2,device_slowdown,fastest_device,fastest_device,2,deadline_miss_cause_rate,network_delay,0.0,ratio_of_completed_deadline_misses
core-device_slowdown-fastest_device-seed-2,device_slowdown,fastest_device,fastest_device,2,deadline_miss_cause_count,queue_delay,0.0,requests
core-device_slowdown-fastest_device-seed-2,device_slowdown,fastest_device,fastest_device,2,deadline_miss_cause_rate,queue_delay,0.0,ratio_of_completed_deadline_misses
core-device_slowdown-fastest_device-seed-2,device_slowdown,fastest_device,fastest_device,2,deadline_miss_cause_count,inference_time,0.0,requests
core-device_slowdown-fastest_device-seed-2,device_slowdown,fastest_device,fastest_device,2,deadline_miss_cause_rate,inference_time,0.0,ratio_of_completed_deadline_misses
core-device_slowdown-fastest_device-seed-2,device_slowdown,fastest_device,fastest_device,2,deadline_miss_cause_count,incorrect_static_estimate,0.0,requests
core-device_slowdown-fastest_device-seed-2,device_slowdown,fastest_device,fastest_device,2,deadline_miss_cause_rate,incorrect_static_estimate,0.0,ratio_of_completed_deadline_misses
core-device_slowdown-fastest_device-seed-3,device_slowdown,fastest_device,fastest_device,3,deadline_miss_cause_count,network_delay,0.0,requests
core-device_slowdown-fastest_device-seed-3,device_slowdown,fastest_device,fastest_device,3,deadline_miss_cause_rate,network_delay,0.0,ratio_of_completed_deadline_misses
core-device_slowdown-fastest_device-seed-3,device_slowdown,fastest_device,fastest_device,3,deadline_miss_cause_count,queue_delay,0.0,requests
core-device_slowdown-fastest_device-seed-3,device_slowdown,fastest_device,fastest_device,3,deadline_miss_cause_rate,queue_delay,0.0,ratio_of_completed_deadline_misses
core-device_slowdown-fastest_device-seed-3,device_slowdown,fastest_device,fastest_device,3,deadline_miss_cause_count,inference_time,0.0,requests
core-device_slowdown-fastest_device-seed-3,device_slowdown,fastest_device,fastest_device,3,deadline_miss_cause_rate,inference_time,0.0,ratio_of_completed_deadline_misses
core-device_slowdown-fastest_device-seed-3,device_slowdown,fastest_device,fastest_device,3,deadline_miss_cause_count,incorrect_static_estimate,0.0,requests
core-device_slowdown-fastest_device-seed-3,device_slowdown,fastest_device,fastest_device,3,deadline_miss_cause_rate,incorrect_static_estimate,0.0,ratio_of_completed_deadline_misses
core-device_slowdown-fastest_device-seed-4,device_slowdown,fastest_device,fastest_device,4,deadline_miss_cause_count,network_delay,0.0,requests
core-device_slowdown-fastest_device-seed-4,device_slowdown,fastest_device,fastest_device,4,deadline_miss_cause_rate,network_delay,0.0,ratio_of_completed_deadline_misses
core-device_slowdown-fastest_device-seed-4,device_slowdown,fastest_device,fastest_device,4,deadline_miss_cause_count,queue_delay,0.0,requests
core-device_slowdown-fastest_device-seed-4,device_slowdown,fastest_device,fastest_device,4,deadline_miss_cause_rate,queue_delay,0.0,ratio_of_completed_deadline_misses
core-device_slowdown-fastest_device-seed-4,device_slowdown,fastest_device,fastest_device,4,deadline_miss_cause_count,inference_time,0.0,requests
core-device_slowdown-fastest_device-seed-4,device_slowdown,fastest_device,fastest_device,4,deadline_miss_cause_rate,inference_time,0.0,ratio_of_completed_deadline_misses
core-device_slowdown-fastest_device-seed-4,device_slowdown,fastest_device,fastest_device,4,deadline_miss_cause_count,incorrect_static_estimate,0.0,requests
core-device_slowdown-fastest_device-seed-4,device_slowdown,fastest_device,fastest_device,4,deadline_miss_cause_rate,incorrect_static_estimate,0.0,ratio_of_completed_deadline_misses
core-device_slowdown-fastest_device-seed-5,device_slowdown,fastest_device,fastest_device,5,deadline_miss_cause_count,network_delay,0.0,requests
core-device_slowdown-fastest_device-seed-5,device_slowdown,fastest_device,fastest_device,5,deadline_miss_cause_rate,network_delay,0.0,ratio_of_completed_deadline_misses
core-device_slowdown-fastest_device-seed-5,device_slowdown,fastest_device,fastest_device,5,deadline_miss_cause_count,queue_delay,0.0,requests
core-device_slowdown-fastest_device-seed-5,device_slowdown,fastest_device,fastest_device,5,deadline_miss_cause_rate,queue_delay,0.0,ratio_of_completed_deadline_misses
core-device_slowdown-fastest_device-seed-5,device_slowdown,fastest_device,fastest_device,5,deadline_miss_cause_count,inference_time,0.0,requests
core-device_slowdown-fastest_device-seed-5,device_slowdown,fastest_device,fastest_device,5,deadline_miss_cause_rate,inference_time,0.0,ratio_of_completed_deadline_misses
core-device_slowdown-fastest_device-seed-5,device_slowdown,fastest_device,fastest_device,5,deadline_miss_cause_count,incorrect_static_estimate,0.0,requests
core-device_slowdown-fastest_device-seed-5,device_slowdown,fastest_device,fastest_device,5,deadline_miss_cause_rate,incorrect_static_estimate,0.0,ratio_of_completed_deadline_misses
core-device_slowdown-min_completion-seed-1,device_slowdown,min_completion,min_completion,1,deadline_miss_cause_count,network_delay,0.0,requests
core-device_slowdown-min_completion-seed-1,device_slowdown,min_completion,min_completion,1,deadline_miss_cause_rate,network_delay,0.0,ratio_of_completed_deadline_misses
core-device_slowdown-min_completion-seed-1,device_slowdown,min_completion,min_completion,1,deadline_miss_cause_count,queue_delay,0.0,requests
core-device_slowdown-min_completion-seed-1,device_slowdown,min_completion,min_completion,1,deadline_miss_cause_rate,queue_delay,0.0,ratio_of_completed_deadline_misses
core-device_slowdown-min_completion-seed-1,device_slowdown,min_completion,min_completion,1,deadline_miss_cause_count,inference_time,0.0,requests
core-device_slowdown-min_completion-seed-1,device_slowdown,min_completion,min_completion,1,deadline_miss_cause_rate,inference_time,0.0,ratio_of_completed_deadline_misses
core-device_slowdown-min_completion-seed-1,device_slowdown,min_completion,min_completion,1,deadline_miss_cause_count,incorrect_static_estimate,0.0,requests
core-device_slowdown-min_completion-seed-1,device_slowdown,min_completion,min_completion,1,deadline_miss_cause_rate,incorrect_static_estimate,0.0,ratio_of_completed_deadline_misses
core-device_slowdown-min_completion-seed-2,device_slowdown,min_completion,min_completion,2,deadline_miss_cause_count,network_delay,0.0,requests
core-device_slowdown-min_completion-seed-2,device_slowdown,min_completion,min_completion,2,deadline_miss_cause_rate,network_delay,0.0,ratio_of_completed_deadline_misses
core-device_slowdown-min_completion-seed-2,device_slowdown,min_completion,min_completion,2,deadline_miss_cause_count,queue_delay,0.0,requests
core-device_slowdown-min_completion-seed-2,device_slowdown,min_completion,min_completion,2,deadline_miss_cause_rate,queue_delay,0.0,ratio_of_completed_deadline_misses
core-device_slowdown-min_completion-seed-2,device_slowdown,min_completion,min_completion,2,deadline_miss_cause_count,inference_time,0.0,requests
core-device_slowdown-min_completion-seed-2,device_slowdown,min_completion,min_completion,2,deadline_miss_cause_rate,inference_time,0.0,ratio_of_completed_deadline_misses
core-device_slowdown-min_completion-seed-2,device_slowdown,min_completion,min_completion,2,deadline_miss_cause_count,incorrect_static_estimate,0.0,requests
core-device_slowdown-min_completion-seed-2,device_slowdown,min_completion,min_completion,2,deadline_miss_cause_rate,incorrect_static_estimate,0.0,ratio_of_completed_deadline_misses
core-device_slowdown-min_completion-seed-3,device_slowdown,min_completion,min_completion,3,deadline_miss_cause_count,network_delay,0.0,requests
core-device_slowdown-min_completion-seed-3,device_slowdown,min_completion,min_completion,3,deadline_miss_cause_rate,network_delay,0.0,ratio_of_completed_deadline_misses
core-device_slowdown-min_completion-seed-3,device_slowdown,min_completion,min_completion,3,deadline_miss_cause_count,queue_delay,0.0,requests
core-device_slowdown-min_completion-seed-3,device_slowdown,min_completion,min_completion,3,deadline_miss_cause_rate,queue_delay,0.0,ratio_of_completed_deadline_misses
core-device_slowdown-min_completion-seed-3,device_slowdown,min_completion,min_completion,3,deadline_miss_cause_count,inference_time,0.0,requests
core-device_slowdown-min_completion-seed-3,device_slowdown,min_completion,min_completion,3,deadline_miss_cause_rate,inference_time,0.0,ratio_of_completed_deadline_misses
core-device_slowdown-min_completion-seed-3,device_slowdown,min_completion,min_completion,3,deadline_miss_cause_count,incorrect_static_estimate,0.0,requests
core-device_slowdown-min_completion-seed-3,device_slowdown,min_completion,min_completion,3,deadline_miss_cause_rate,incorrect_static_estimate,0.0,ratio_of_completed_deadline_misses
core-device_slowdown-min_completion-seed-4,device_slowdown,min_completion,min_completion,4,deadline_miss_cause_count,network_delay,0.0,requests
core-device_slowdown-min_completion-seed-4,device_slowdown,min_completion,min_completion,4,deadline_miss_cause_rate,network_delay,0.0,ratio_of_completed_deadline_misses
core-device_slowdown-min_completion-seed-4,device_slowdown,min_completion,min_completion,4,deadline_miss_cause_count,queue_delay,0.0,requests
core-device_slowdown-min_completion-seed-4,device_slowdown,min_completion,min_completion,4,deadline_miss_cause_rate,queue_delay,0.0,ratio_of_completed_deadline_misses
core-device_slowdown-min_completion-seed-4,device_slowdown,min_completion,min_completion,4,deadline_miss_cause_count,inference_time,0.0,requests
core-device_slowdown-min_completion-seed-4,device_slowdown,min_completion,min_completion,4,deadline_miss_cause_rate,inference_time,0.0,ratio_of_completed_deadline_misses
core-device_slowdown-min_completion-seed-4,device_slowdown,min_completion,min_completion,4,deadline_miss_cause_count,incorrect_static_estimate,0.0,requests
core-device_slowdown-min_completion-seed-4,device_slowdown,min_completion,min_completion,4,deadline_miss_cause_rate,incorrect_static_estimate,0.0,ratio_of_completed_deadline_misses
core-device_slowdown-min_completion-seed-5,device_slowdown,min_completion,min_completion,5,deadline_miss_cause_count,network_delay,0.0,requests
core-device_slowdown-min_completion-seed-5,device_slowdown,min_completion,min_completion,5,deadline_miss_cause_rate,network_delay,0.0,ratio_of_completed_deadline_misses
core-device_slowdown-min_completion-seed-5,device_slowdown,min_completion,min_completion,5,deadline_miss_cause_count,queue_delay,0.0,requests
core-device_slowdown-min_completion-seed-5,device_slowdown,min_completion,min_completion,5,deadline_miss_cause_rate,queue_delay,0.0,ratio_of_completed_deadline_misses
core-device_slowdown-min_completion-seed-5,device_slowdown,min_completion,min_completion,5,deadline_miss_cause_count,inference_time,0.0,requests
core-device_slowdown-min_completion-seed-5,device_slowdown,min_completion,min_completion,5,deadline_miss_cause_rate,inference_time,0.0,ratio_of_completed_deadline_misses
core-device_slowdown-min_completion-seed-5,device_slowdown,min_completion,min_completion,5,deadline_miss_cause_count,incorrect_static_estimate,0.0,requests
core-device_slowdown-min_completion-seed-5,device_slowdown,min_completion,min_completion,5,deadline_miss_cause_rate,incorrect_static_estimate,0.0,ratio_of_completed_deadline_misses
core-device_slowdown-round_robin-seed-1,device_slowdown,round_robin,round_robin,1,deadline_miss_cause_count,network_delay,0.0,requests
core-device_slowdown-round_robin-seed-1,device_slowdown,round_robin,round_robin,1,deadline_miss_cause_rate,network_delay,0.0,ratio_of_completed_deadline_misses
core-device_slowdown-round_robin-seed-1,device_slowdown,round_robin,round_robin,1,deadline_miss_cause_count,queue_delay,0.0,requests
core-device_slowdown-round_robin-seed-1,device_slowdown,round_robin,round_robin,1,deadline_miss_cause_rate,queue_delay,0.0,ratio_of_completed_deadline_misses
core-device_slowdown-round_robin-seed-1,device_slowdown,round_robin,round_robin,1,deadline_miss_cause_count,inference_time,0.0,requests
core-device_slowdown-round_robin-seed-1,device_slowdown,round_robin,round_robin,1,deadline_miss_cause_rate,inference_time,0.0,ratio_of_completed_deadline_misses
core-device_slowdown-round_robin-seed-1,device_slowdown,round_robin,round_robin,1,deadline_miss_cause_count,incorrect_static_estimate,0.0,requests
core-device_slowdown-round_robin-seed-1,device_slowdown,round_robin,round_robin,1,deadline_miss_cause_rate,incorrect_static_estimate,0.0,ratio_of_completed_deadline_misses
core-device_slowdown-round_robin-seed-2,device_slowdown,round_robin,round_robin,2,deadline_miss_cause_count,network_delay,0.0,requests
core-device_slowdown-round_robin-seed-2,device_slowdown,round_robin,round_robin,2,deadline_miss_cause_rate,network_delay,0.0,ratio_of_completed_deadline_misses
core-device_slowdown-round_robin-seed-2,device_slowdown,round_robin,round_robin,2,deadline_miss_cause_count,queue_delay,0.0,requests
core-device_slowdown-round_robin-seed-2,device_slowdown,round_robin,round_robin,2,deadline_miss_cause_rate,queue_delay,0.0,ratio_of_completed_deadline_misses
core-device_slowdown-round_robin-seed-2,device_slowdown,round_robin,round_robin,2,deadline_miss_cause_count,inference_time,0.0,requests
core-device_slowdown-round_robin-seed-2,device_slowdown,round_robin,round_robin,2,deadline_miss_cause_rate,inference_time,0.0,ratio_of_completed_deadline_misses
core-device_slowdown-round_robin-seed-2,device_slowdown,round_robin,round_robin,2,deadline_miss_cause_count,incorrect_static_estimate,0.0,requests
core-device_slowdown-round_robin-seed-2,device_slowdown,round_robin,round_robin,2,deadline_miss_cause_rate,incorrect_static_estimate,0.0,ratio_of_completed_deadline_misses
core-device_slowdown-round_robin-seed-3,device_slowdown,round_robin,round_robin,3,deadline_miss_cause_count,network_delay,0.0,requests
core-device_slowdown-round_robin-seed-3,device_slowdown,round_robin,round_robin,3,deadline_miss_cause_rate,network_delay,0.0,ratio_of_completed_deadline_misses
core-device_slowdown-round_robin-seed-3,device_slowdown,round_robin,round_robin,3,deadline_miss_cause_count,queue_delay,0.0,requests
core-device_slowdown-round_robin-seed-3,device_slowdown,round_robin,round_robin,3,deadline_miss_cause_rate,queue_delay,0.0,ratio_of_completed_deadline_misses
core-device_slowdown-round_robin-seed-3,device_slowdown,round_robin,round_robin,3,deadline_miss_cause_count,inference_time,0.0,requests
core-device_slowdown-round_robin-seed-3,device_slowdown,round_robin,round_robin,3,deadline_miss_cause_rate,inference_time,0.0,ratio_of_completed_deadline_misses
core-device_slowdown-round_robin-seed-3,device_slowdown,round_robin,round_robin,3,deadline_miss_cause_count,incorrect_static_estimate,0.0,requests
core-device_slowdown-round_robin-seed-3,device_slowdown,round_robin,round_robin,3,deadline_miss_cause_rate,incorrect_static_estimate,0.0,ratio_of_completed_deadline_misses
core-device_slowdown-round_robin-seed-4,device_slowdown,round_robin,round_robin,4,deadline_miss_cause_count,network_delay,0.0,requests
core-device_slowdown-round_robin-seed-4,device_slowdown,round_robin,round_robin,4,deadline_miss_cause_rate,network_delay,0.0,ratio_of_completed_deadline_misses
core-device_slowdown-round_robin-seed-4,device_slowdown,round_robin,round_robin,4,deadline_miss_cause_count,queue_delay,0.0,requests
core-device_slowdown-round_robin-seed-4,device_slowdown,round_robin,round_robin,4,deadline_miss_cause_rate,queue_delay,0.0,ratio_of_completed_deadline_misses
core-device_slowdown-round_robin-seed-4,device_slowdown,round_robin,round_robin,4,deadline_miss_cause_count,inference_time,0.0,requests
core-device_slowdown-round_robin-seed-4,device_slowdown,round_robin,round_robin,4,deadline_miss_cause_rate,inference_time,0.0,ratio_of_completed_deadline_misses
core-device_slowdown-round_robin-seed-4,device_slowdown,round_robin,round_robin,4,deadline_miss_cause_count,incorrect_static_estimate,0.0,requests
core-device_slowdown-round_robin-seed-4,device_slowdown,round_robin,round_robin,4,deadline_miss_cause_rate,incorrect_static_estimate,0.0,ratio_of_completed_deadline_misses
core-device_slowdown-round_robin-seed-5,device_slowdown,round_robin,round_robin,5,deadline_miss_cause_count,network_delay,0.0,requests
core-device_slowdown-round_robin-seed-5,device_slowdown,round_robin,round_robin,5,deadline_miss_cause_rate,network_delay,0.0,ratio_of_completed_deadline_misses
core-device_slowdown-round_robin-seed-5,device_slowdown,round_robin,round_robin,5,deadline_miss_cause_count,queue_delay,0.0,requests
core-device_slowdown-round_robin-seed-5,device_slowdown,round_robin,round_robin,5,deadline_miss_cause_rate,queue_delay,0.0,ratio_of_completed_deadline_misses
core-device_slowdown-round_robin-seed-5,device_slowdown,round_robin,round_robin,5,deadline_miss_cause_count,inference_time,0.0,requests
core-device_slowdown-round_robin-seed-5,device_slowdown,round_robin,round_robin,5,deadline_miss_cause_rate,inference_time,0.0,ratio_of_completed_deadline_misses
core-device_slowdown-round_robin-seed-5,device_slowdown,round_robin,round_robin,5,deadline_miss_cause_count,incorrect_static_estimate,0.0,requests
core-device_slowdown-round_robin-seed-5,device_slowdown,round_robin,round_robin,5,deadline_miss_cause_rate,incorrect_static_estimate,0.0,ratio_of_completed_deadline_misses
core-network_slowdown-edgeweaver-seed-1,network_slowdown,edgeweaver,edgeweaver,1,deadline_miss_cause_count,network_delay,0.0,requests
core-network_slowdown-edgeweaver-seed-1,network_slowdown,edgeweaver,edgeweaver,1,deadline_miss_cause_rate,network_delay,0.0,ratio_of_completed_deadline_misses
core-network_slowdown-edgeweaver-seed-1,network_slowdown,edgeweaver,edgeweaver,1,deadline_miss_cause_count,queue_delay,0.0,requests
core-network_slowdown-edgeweaver-seed-1,network_slowdown,edgeweaver,edgeweaver,1,deadline_miss_cause_rate,queue_delay,0.0,ratio_of_completed_deadline_misses
core-network_slowdown-edgeweaver-seed-1,network_slowdown,edgeweaver,edgeweaver,1,deadline_miss_cause_count,inference_time,0.0,requests
core-network_slowdown-edgeweaver-seed-1,network_slowdown,edgeweaver,edgeweaver,1,deadline_miss_cause_rate,inference_time,0.0,ratio_of_completed_deadline_misses
core-network_slowdown-edgeweaver-seed-1,network_slowdown,edgeweaver,edgeweaver,1,deadline_miss_cause_count,incorrect_static_estimate,0.0,requests
core-network_slowdown-edgeweaver-seed-1,network_slowdown,edgeweaver,edgeweaver,1,deadline_miss_cause_rate,incorrect_static_estimate,0.0,ratio_of_completed_deadline_misses
core-network_slowdown-edgeweaver-seed-2,network_slowdown,edgeweaver,edgeweaver,2,deadline_miss_cause_count,network_delay,0.0,requests
core-network_slowdown-edgeweaver-seed-2,network_slowdown,edgeweaver,edgeweaver,2,deadline_miss_cause_rate,network_delay,0.0,ratio_of_completed_deadline_misses
core-network_slowdown-edgeweaver-seed-2,network_slowdown,edgeweaver,edgeweaver,2,deadline_miss_cause_count,queue_delay,0.0,requests
core-network_slowdown-edgeweaver-seed-2,network_slowdown,edgeweaver,edgeweaver,2,deadline_miss_cause_rate,queue_delay,0.0,ratio_of_completed_deadline_misses
core-network_slowdown-edgeweaver-seed-2,network_slowdown,edgeweaver,edgeweaver,2,deadline_miss_cause_count,inference_time,0.0,requests
core-network_slowdown-edgeweaver-seed-2,network_slowdown,edgeweaver,edgeweaver,2,deadline_miss_cause_rate,inference_time,0.0,ratio_of_completed_deadline_misses
core-network_slowdown-edgeweaver-seed-2,network_slowdown,edgeweaver,edgeweaver,2,deadline_miss_cause_count,incorrect_static_estimate,0.0,requests
core-network_slowdown-edgeweaver-seed-2,network_slowdown,edgeweaver,edgeweaver,2,deadline_miss_cause_rate,incorrect_static_estimate,0.0,ratio_of_completed_deadline_misses
core-network_slowdown-edgeweaver-seed-3,network_slowdown,edgeweaver,edgeweaver,3,deadline_miss_cause_count,network_delay,0.0,requests
core-network_slowdown-edgeweaver-seed-3,network_slowdown,edgeweaver,edgeweaver,3,deadline_miss_cause_rate,network_delay,0.0,ratio_of_completed_deadline_misses
core-network_slowdown-edgeweaver-seed-3,network_slowdown,edgeweaver,edgeweaver,3,deadline_miss_cause_count,queue_delay,0.0,requests
core-network_slowdown-edgeweaver-seed-3,network_slowdown,edgeweaver,edgeweaver,3,deadline_miss_cause_rate,queue_delay,0.0,ratio_of_completed_deadline_misses
core-network_slowdown-edgeweaver-seed-3,network_slowdown,edgeweaver,edgeweaver,3,deadline_miss_cause_count,inference_time,0.0,requests
core-network_slowdown-edgeweaver-seed-3,network_slowdown,edgeweaver,edgeweaver,3,deadline_miss_cause_rate,inference_time,0.0,ratio_of_completed_deadline_misses
core-network_slowdown-edgeweaver-seed-3,network_slowdown,edgeweaver,edgeweaver,3,deadline_miss_cause_count,incorrect_static_estimate,0.0,requests
core-network_slowdown-edgeweaver-seed-3,network_slowdown,edgeweaver,edgeweaver,3,deadline_miss_cause_rate,incorrect_static_estimate,0.0,ratio_of_completed_deadline_misses
core-network_slowdown-edgeweaver-seed-4,network_slowdown,edgeweaver,edgeweaver,4,deadline_miss_cause_count,network_delay,0.0,requests
core-network_slowdown-edgeweaver-seed-4,network_slowdown,edgeweaver,edgeweaver,4,deadline_miss_cause_rate,network_delay,0.0,ratio_of_completed_deadline_misses
core-network_slowdown-edgeweaver-seed-4,network_slowdown,edgeweaver,edgeweaver,4,deadline_miss_cause_count,queue_delay,0.0,requests
core-network_slowdown-edgeweaver-seed-4,network_slowdown,edgeweaver,edgeweaver,4,deadline_miss_cause_rate,queue_delay,0.0,ratio_of_completed_deadline_misses
core-network_slowdown-edgeweaver-seed-4,network_slowdown,edgeweaver,edgeweaver,4,deadline_miss_cause_count,inference_time,0.0,requests
core-network_slowdown-edgeweaver-seed-4,network_slowdown,edgeweaver,edgeweaver,4,deadline_miss_cause_rate,inference_time,0.0,ratio_of_completed_deadline_misses
core-network_slowdown-edgeweaver-seed-4,network_slowdown,edgeweaver,edgeweaver,4,deadline_miss_cause_count,incorrect_static_estimate,0.0,requests
core-network_slowdown-edgeweaver-seed-4,network_slowdown,edgeweaver,edgeweaver,4,deadline_miss_cause_rate,incorrect_static_estimate,0.0,ratio_of_completed_deadline_misses
core-network_slowdown-edgeweaver-seed-5,network_slowdown,edgeweaver,edgeweaver,5,deadline_miss_cause_count,network_delay,0.0,requests
core-network_slowdown-edgeweaver-seed-5,network_slowdown,edgeweaver,edgeweaver,5,deadline_miss_cause_rate,network_delay,0.0,ratio_of_completed_deadline_misses
core-network_slowdown-edgeweaver-seed-5,network_slowdown,edgeweaver,edgeweaver,5,deadline_miss_cause_count,queue_delay,0.0,requests
core-network_slowdown-edgeweaver-seed-5,network_slowdown,edgeweaver,edgeweaver,5,deadline_miss_cause_rate,queue_delay,0.0,ratio_of_completed_deadline_misses
core-network_slowdown-edgeweaver-seed-5,network_slowdown,edgeweaver,edgeweaver,5,deadline_miss_cause_count,inference_time,0.0,requests
core-network_slowdown-edgeweaver-seed-5,network_slowdown,edgeweaver,edgeweaver,5,deadline_miss_cause_rate,inference_time,0.0,ratio_of_completed_deadline_misses
core-network_slowdown-edgeweaver-seed-5,network_slowdown,edgeweaver,edgeweaver,5,deadline_miss_cause_count,incorrect_static_estimate,0.0,requests
core-network_slowdown-edgeweaver-seed-5,network_slowdown,edgeweaver,edgeweaver,5,deadline_miss_cause_rate,incorrect_static_estimate,0.0,ratio_of_completed_deadline_misses
core-network_slowdown-fastest_device-seed-1,network_slowdown,fastest_device,fastest_device,1,deadline_miss_cause_count,network_delay,12.0,requests
core-network_slowdown-fastest_device-seed-1,network_slowdown,fastest_device,fastest_device,1,deadline_miss_cause_rate,network_delay,1.0,ratio_of_completed_deadline_misses
core-network_slowdown-fastest_device-seed-1,network_slowdown,fastest_device,fastest_device,1,deadline_miss_cause_count,queue_delay,0.0,requests
core-network_slowdown-fastest_device-seed-1,network_slowdown,fastest_device,fastest_device,1,deadline_miss_cause_rate,queue_delay,0.0,ratio_of_completed_deadline_misses
core-network_slowdown-fastest_device-seed-1,network_slowdown,fastest_device,fastest_device,1,deadline_miss_cause_count,inference_time,0.0,requests
core-network_slowdown-fastest_device-seed-1,network_slowdown,fastest_device,fastest_device,1,deadline_miss_cause_rate,inference_time,0.0,ratio_of_completed_deadline_misses
core-network_slowdown-fastest_device-seed-1,network_slowdown,fastest_device,fastest_device,1,deadline_miss_cause_count,incorrect_static_estimate,0.0,requests
core-network_slowdown-fastest_device-seed-1,network_slowdown,fastest_device,fastest_device,1,deadline_miss_cause_rate,incorrect_static_estimate,0.0,ratio_of_completed_deadline_misses
core-network_slowdown-fastest_device-seed-2,network_slowdown,fastest_device,fastest_device,2,deadline_miss_cause_count,network_delay,17.0,requests
core-network_slowdown-fastest_device-seed-2,network_slowdown,fastest_device,fastest_device,2,deadline_miss_cause_rate,network_delay,1.0,ratio_of_completed_deadline_misses
core-network_slowdown-fastest_device-seed-2,network_slowdown,fastest_device,fastest_device,2,deadline_miss_cause_count,queue_delay,0.0,requests
core-network_slowdown-fastest_device-seed-2,network_slowdown,fastest_device,fastest_device,2,deadline_miss_cause_rate,queue_delay,0.0,ratio_of_completed_deadline_misses
core-network_slowdown-fastest_device-seed-2,network_slowdown,fastest_device,fastest_device,2,deadline_miss_cause_count,inference_time,0.0,requests
core-network_slowdown-fastest_device-seed-2,network_slowdown,fastest_device,fastest_device,2,deadline_miss_cause_rate,inference_time,0.0,ratio_of_completed_deadline_misses
core-network_slowdown-fastest_device-seed-2,network_slowdown,fastest_device,fastest_device,2,deadline_miss_cause_count,incorrect_static_estimate,0.0,requests
core-network_slowdown-fastest_device-seed-2,network_slowdown,fastest_device,fastest_device,2,deadline_miss_cause_rate,incorrect_static_estimate,0.0,ratio_of_completed_deadline_misses
core-network_slowdown-fastest_device-seed-3,network_slowdown,fastest_device,fastest_device,3,deadline_miss_cause_count,network_delay,13.0,requests
core-network_slowdown-fastest_device-seed-3,network_slowdown,fastest_device,fastest_device,3,deadline_miss_cause_rate,network_delay,1.0,ratio_of_completed_deadline_misses
core-network_slowdown-fastest_device-seed-3,network_slowdown,fastest_device,fastest_device,3,deadline_miss_cause_count,queue_delay,0.0,requests
core-network_slowdown-fastest_device-seed-3,network_slowdown,fastest_device,fastest_device,3,deadline_miss_cause_rate,queue_delay,0.0,ratio_of_completed_deadline_misses
core-network_slowdown-fastest_device-seed-3,network_slowdown,fastest_device,fastest_device,3,deadline_miss_cause_count,inference_time,0.0,requests
core-network_slowdown-fastest_device-seed-3,network_slowdown,fastest_device,fastest_device,3,deadline_miss_cause_rate,inference_time,0.0,ratio_of_completed_deadline_misses
core-network_slowdown-fastest_device-seed-3,network_slowdown,fastest_device,fastest_device,3,deadline_miss_cause_count,incorrect_static_estimate,0.0,requests
core-network_slowdown-fastest_device-seed-3,network_slowdown,fastest_device,fastest_device,3,deadline_miss_cause_rate,incorrect_static_estimate,0.0,ratio_of_completed_deadline_misses
core-network_slowdown-fastest_device-seed-4,network_slowdown,fastest_device,fastest_device,4,deadline_miss_cause_count,network_delay,13.0,requests
core-network_slowdown-fastest_device-seed-4,network_slowdown,fastest_device,fastest_device,4,deadline_miss_cause_rate,network_delay,1.0,ratio_of_completed_deadline_misses
core-network_slowdown-fastest_device-seed-4,network_slowdown,fastest_device,fastest_device,4,deadline_miss_cause_count,queue_delay,0.0,requests
core-network_slowdown-fastest_device-seed-4,network_slowdown,fastest_device,fastest_device,4,deadline_miss_cause_rate,queue_delay,0.0,ratio_of_completed_deadline_misses
core-network_slowdown-fastest_device-seed-4,network_slowdown,fastest_device,fastest_device,4,deadline_miss_cause_count,inference_time,0.0,requests
core-network_slowdown-fastest_device-seed-4,network_slowdown,fastest_device,fastest_device,4,deadline_miss_cause_rate,inference_time,0.0,ratio_of_completed_deadline_misses
core-network_slowdown-fastest_device-seed-4,network_slowdown,fastest_device,fastest_device,4,deadline_miss_cause_count,incorrect_static_estimate,0.0,requests
core-network_slowdown-fastest_device-seed-4,network_slowdown,fastest_device,fastest_device,4,deadline_miss_cause_rate,incorrect_static_estimate,0.0,ratio_of_completed_deadline_misses
core-network_slowdown-fastest_device-seed-5,network_slowdown,fastest_device,fastest_device,5,deadline_miss_cause_count,network_delay,21.0,requests
core-network_slowdown-fastest_device-seed-5,network_slowdown,fastest_device,fastest_device,5,deadline_miss_cause_rate,network_delay,1.0,ratio_of_completed_deadline_misses
core-network_slowdown-fastest_device-seed-5,network_slowdown,fastest_device,fastest_device,5,deadline_miss_cause_count,queue_delay,0.0,requests
core-network_slowdown-fastest_device-seed-5,network_slowdown,fastest_device,fastest_device,5,deadline_miss_cause_rate,queue_delay,0.0,ratio_of_completed_deadline_misses
core-network_slowdown-fastest_device-seed-5,network_slowdown,fastest_device,fastest_device,5,deadline_miss_cause_count,inference_time,0.0,requests
core-network_slowdown-fastest_device-seed-5,network_slowdown,fastest_device,fastest_device,5,deadline_miss_cause_rate,inference_time,0.0,ratio_of_completed_deadline_misses
core-network_slowdown-fastest_device-seed-5,network_slowdown,fastest_device,fastest_device,5,deadline_miss_cause_count,incorrect_static_estimate,0.0,requests
core-network_slowdown-fastest_device-seed-5,network_slowdown,fastest_device,fastest_device,5,deadline_miss_cause_rate,incorrect_static_estimate,0.0,ratio_of_completed_deadline_misses
core-network_slowdown-min_completion-seed-1,network_slowdown,min_completion,min_completion,1,deadline_miss_cause_count,network_delay,0.0,requests
core-network_slowdown-min_completion-seed-1,network_slowdown,min_completion,min_completion,1,deadline_miss_cause_rate,network_delay,0.0,ratio_of_completed_deadline_misses
core-network_slowdown-min_completion-seed-1,network_slowdown,min_completion,min_completion,1,deadline_miss_cause_count,queue_delay,0.0,requests
core-network_slowdown-min_completion-seed-1,network_slowdown,min_completion,min_completion,1,deadline_miss_cause_rate,queue_delay,0.0,ratio_of_completed_deadline_misses
core-network_slowdown-min_completion-seed-1,network_slowdown,min_completion,min_completion,1,deadline_miss_cause_count,inference_time,0.0,requests
core-network_slowdown-min_completion-seed-1,network_slowdown,min_completion,min_completion,1,deadline_miss_cause_rate,inference_time,0.0,ratio_of_completed_deadline_misses
core-network_slowdown-min_completion-seed-1,network_slowdown,min_completion,min_completion,1,deadline_miss_cause_count,incorrect_static_estimate,0.0,requests
core-network_slowdown-min_completion-seed-1,network_slowdown,min_completion,min_completion,1,deadline_miss_cause_rate,incorrect_static_estimate,0.0,ratio_of_completed_deadline_misses
core-network_slowdown-min_completion-seed-2,network_slowdown,min_completion,min_completion,2,deadline_miss_cause_count,network_delay,0.0,requests
core-network_slowdown-min_completion-seed-2,network_slowdown,min_completion,min_completion,2,deadline_miss_cause_rate,network_delay,0.0,ratio_of_completed_deadline_misses
core-network_slowdown-min_completion-seed-2,network_slowdown,min_completion,min_completion,2,deadline_miss_cause_count,queue_delay,0.0,requests
core-network_slowdown-min_completion-seed-2,network_slowdown,min_completion,min_completion,2,deadline_miss_cause_rate,queue_delay,0.0,ratio_of_completed_deadline_misses
core-network_slowdown-min_completion-seed-2,network_slowdown,min_completion,min_completion,2,deadline_miss_cause_count,inference_time,0.0,requests
core-network_slowdown-min_completion-seed-2,network_slowdown,min_completion,min_completion,2,deadline_miss_cause_rate,inference_time,0.0,ratio_of_completed_deadline_misses
core-network_slowdown-min_completion-seed-2,network_slowdown,min_completion,min_completion,2,deadline_miss_cause_count,incorrect_static_estimate,0.0,requests
core-network_slowdown-min_completion-seed-2,network_slowdown,min_completion,min_completion,2,deadline_miss_cause_rate,incorrect_static_estimate,0.0,ratio_of_completed_deadline_misses
core-network_slowdown-min_completion-seed-3,network_slowdown,min_completion,min_completion,3,deadline_miss_cause_count,network_delay,0.0,requests
core-network_slowdown-min_completion-seed-3,network_slowdown,min_completion,min_completion,3,deadline_miss_cause_rate,network_delay,0.0,ratio_of_completed_deadline_misses
core-network_slowdown-min_completion-seed-3,network_slowdown,min_completion,min_completion,3,deadline_miss_cause_count,queue_delay,0.0,requests
core-network_slowdown-min_completion-seed-3,network_slowdown,min_completion,min_completion,3,deadline_miss_cause_rate,queue_delay,0.0,ratio_of_completed_deadline_misses
core-network_slowdown-min_completion-seed-3,network_slowdown,min_completion,min_completion,3,deadline_miss_cause_count,inference_time,0.0,requests
core-network_slowdown-min_completion-seed-3,network_slowdown,min_completion,min_completion,3,deadline_miss_cause_rate,inference_time,0.0,ratio_of_completed_deadline_misses
core-network_slowdown-min_completion-seed-3,network_slowdown,min_completion,min_completion,3,deadline_miss_cause_count,incorrect_static_estimate,0.0,requests
core-network_slowdown-min_completion-seed-3,network_slowdown,min_completion,min_completion,3,deadline_miss_cause_rate,incorrect_static_estimate,0.0,ratio_of_completed_deadline_misses
core-network_slowdown-min_completion-seed-4,network_slowdown,min_completion,min_completion,4,deadline_miss_cause_count,network_delay,0.0,requests
core-network_slowdown-min_completion-seed-4,network_slowdown,min_completion,min_completion,4,deadline_miss_cause_rate,network_delay,0.0,ratio_of_completed_deadline_misses
core-network_slowdown-min_completion-seed-4,network_slowdown,min_completion,min_completion,4,deadline_miss_cause_count,queue_delay,0.0,requests
core-network_slowdown-min_completion-seed-4,network_slowdown,min_completion,min_completion,4,deadline_miss_cause_rate,queue_delay,0.0,ratio_of_completed_deadline_misses
core-network_slowdown-min_completion-seed-4,network_slowdown,min_completion,min_completion,4,deadline_miss_cause_count,inference_time,0.0,requests
core-network_slowdown-min_completion-seed-4,network_slowdown,min_completion,min_completion,4,deadline_miss_cause_rate,inference_time,0.0,ratio_of_completed_deadline_misses
core-network_slowdown-min_completion-seed-4,network_slowdown,min_completion,min_completion,4,deadline_miss_cause_count,incorrect_static_estimate,0.0,requests
core-network_slowdown-min_completion-seed-4,network_slowdown,min_completion,min_completion,4,deadline_miss_cause_rate,incorrect_static_estimate,0.0,ratio_of_completed_deadline_misses
core-network_slowdown-min_completion-seed-5,network_slowdown,min_completion,min_completion,5,deadline_miss_cause_count,network_delay,0.0,requests
core-network_slowdown-min_completion-seed-5,network_slowdown,min_completion,min_completion,5,deadline_miss_cause_rate,network_delay,0.0,ratio_of_completed_deadline_misses
core-network_slowdown-min_completion-seed-5,network_slowdown,min_completion,min_completion,5,deadline_miss_cause_count,queue_delay,0.0,requests
core-network_slowdown-min_completion-seed-5,network_slowdown,min_completion,min_completion,5,deadline_miss_cause_rate,queue_delay,0.0,ratio_of_completed_deadline_misses
core-network_slowdown-min_completion-seed-5,network_slowdown,min_completion,min_completion,5,deadline_miss_cause_count,inference_time,0.0,requests
core-network_slowdown-min_completion-seed-5,network_slowdown,min_completion,min_completion,5,deadline_miss_cause_rate,inference_time,0.0,ratio_of_completed_deadline_misses
core-network_slowdown-min_completion-seed-5,network_slowdown,min_completion,min_completion,5,deadline_miss_cause_count,incorrect_static_estimate,0.0,requests
core-network_slowdown-min_completion-seed-5,network_slowdown,min_completion,min_completion,5,deadline_miss_cause_rate,incorrect_static_estimate,0.0,ratio_of_completed_deadline_misses
core-network_slowdown-round_robin-seed-1,network_slowdown,round_robin,round_robin,1,deadline_miss_cause_count,network_delay,2.0,requests
core-network_slowdown-round_robin-seed-1,network_slowdown,round_robin,round_robin,1,deadline_miss_cause_rate,network_delay,1.0,ratio_of_completed_deadline_misses
core-network_slowdown-round_robin-seed-1,network_slowdown,round_robin,round_robin,1,deadline_miss_cause_count,queue_delay,0.0,requests
core-network_slowdown-round_robin-seed-1,network_slowdown,round_robin,round_robin,1,deadline_miss_cause_rate,queue_delay,0.0,ratio_of_completed_deadline_misses
core-network_slowdown-round_robin-seed-1,network_slowdown,round_robin,round_robin,1,deadline_miss_cause_count,inference_time,0.0,requests
core-network_slowdown-round_robin-seed-1,network_slowdown,round_robin,round_robin,1,deadline_miss_cause_rate,inference_time,0.0,ratio_of_completed_deadline_misses
core-network_slowdown-round_robin-seed-1,network_slowdown,round_robin,round_robin,1,deadline_miss_cause_count,incorrect_static_estimate,0.0,requests
core-network_slowdown-round_robin-seed-1,network_slowdown,round_robin,round_robin,1,deadline_miss_cause_rate,incorrect_static_estimate,0.0,ratio_of_completed_deadline_misses
core-network_slowdown-round_robin-seed-2,network_slowdown,round_robin,round_robin,2,deadline_miss_cause_count,network_delay,4.0,requests
core-network_slowdown-round_robin-seed-2,network_slowdown,round_robin,round_robin,2,deadline_miss_cause_rate,network_delay,1.0,ratio_of_completed_deadline_misses
core-network_slowdown-round_robin-seed-2,network_slowdown,round_robin,round_robin,2,deadline_miss_cause_count,queue_delay,0.0,requests
core-network_slowdown-round_robin-seed-2,network_slowdown,round_robin,round_robin,2,deadline_miss_cause_rate,queue_delay,0.0,ratio_of_completed_deadline_misses
core-network_slowdown-round_robin-seed-2,network_slowdown,round_robin,round_robin,2,deadline_miss_cause_count,inference_time,0.0,requests
core-network_slowdown-round_robin-seed-2,network_slowdown,round_robin,round_robin,2,deadline_miss_cause_rate,inference_time,0.0,ratio_of_completed_deadline_misses
core-network_slowdown-round_robin-seed-2,network_slowdown,round_robin,round_robin,2,deadline_miss_cause_count,incorrect_static_estimate,0.0,requests
core-network_slowdown-round_robin-seed-2,network_slowdown,round_robin,round_robin,2,deadline_miss_cause_rate,incorrect_static_estimate,0.0,ratio_of_completed_deadline_misses
core-network_slowdown-round_robin-seed-3,network_slowdown,round_robin,round_robin,3,deadline_miss_cause_count,network_delay,5.0,requests
core-network_slowdown-round_robin-seed-3,network_slowdown,round_robin,round_robin,3,deadline_miss_cause_rate,network_delay,1.0,ratio_of_completed_deadline_misses
core-network_slowdown-round_robin-seed-3,network_slowdown,round_robin,round_robin,3,deadline_miss_cause_count,queue_delay,0.0,requests
core-network_slowdown-round_robin-seed-3,network_slowdown,round_robin,round_robin,3,deadline_miss_cause_rate,queue_delay,0.0,ratio_of_completed_deadline_misses
core-network_slowdown-round_robin-seed-3,network_slowdown,round_robin,round_robin,3,deadline_miss_cause_count,inference_time,0.0,requests
core-network_slowdown-round_robin-seed-3,network_slowdown,round_robin,round_robin,3,deadline_miss_cause_rate,inference_time,0.0,ratio_of_completed_deadline_misses
core-network_slowdown-round_robin-seed-3,network_slowdown,round_robin,round_robin,3,deadline_miss_cause_count,incorrect_static_estimate,0.0,requests
core-network_slowdown-round_robin-seed-3,network_slowdown,round_robin,round_robin,3,deadline_miss_cause_rate,incorrect_static_estimate,0.0,ratio_of_completed_deadline_misses
core-network_slowdown-round_robin-seed-4,network_slowdown,round_robin,round_robin,4,deadline_miss_cause_count,network_delay,5.0,requests
core-network_slowdown-round_robin-seed-4,network_slowdown,round_robin,round_robin,4,deadline_miss_cause_rate,network_delay,1.0,ratio_of_completed_deadline_misses
core-network_slowdown-round_robin-seed-4,network_slowdown,round_robin,round_robin,4,deadline_miss_cause_count,queue_delay,0.0,requests
core-network_slowdown-round_robin-seed-4,network_slowdown,round_robin,round_robin,4,deadline_miss_cause_rate,queue_delay,0.0,ratio_of_completed_deadline_misses
core-network_slowdown-round_robin-seed-4,network_slowdown,round_robin,round_robin,4,deadline_miss_cause_count,inference_time,0.0,requests
core-network_slowdown-round_robin-seed-4,network_slowdown,round_robin,round_robin,4,deadline_miss_cause_rate,inference_time,0.0,ratio_of_completed_deadline_misses
core-network_slowdown-round_robin-seed-4,network_slowdown,round_robin,round_robin,4,deadline_miss_cause_count,incorrect_static_estimate,0.0,requests
core-network_slowdown-round_robin-seed-4,network_slowdown,round_robin,round_robin,4,deadline_miss_cause_rate,incorrect_static_estimate,0.0,ratio_of_completed_deadline_misses
core-network_slowdown-round_robin-seed-5,network_slowdown,round_robin,round_robin,5,deadline_miss_cause_count,network_delay,8.0,requests
core-network_slowdown-round_robin-seed-5,network_slowdown,round_robin,round_robin,5,deadline_miss_cause_rate,network_delay,1.0,ratio_of_completed_deadline_misses
core-network_slowdown-round_robin-seed-5,network_slowdown,round_robin,round_robin,5,deadline_miss_cause_count,queue_delay,0.0,requests
core-network_slowdown-round_robin-seed-5,network_slowdown,round_robin,round_robin,5,deadline_miss_cause_rate,queue_delay,0.0,ratio_of_completed_deadline_misses
core-network_slowdown-round_robin-seed-5,network_slowdown,round_robin,round_robin,5,deadline_miss_cause_count,inference_time,0.0,requests
core-network_slowdown-round_robin-seed-5,network_slowdown,round_robin,round_robin,5,deadline_miss_cause_rate,inference_time,0.0,ratio_of_completed_deadline_misses
core-network_slowdown-round_robin-seed-5,network_slowdown,round_robin,round_robin,5,deadline_miss_cause_count,incorrect_static_estimate,0.0,requests
core-network_slowdown-round_robin-seed-5,network_slowdown,round_robin,round_robin,5,deadline_miss_cause_rate,incorrect_static_estimate,0.0,ratio_of_completed_deadline_misses
core-normal-edgeweaver-seed-1,normal,edgeweaver,edgeweaver,1,deadline_miss_cause_count,network_delay,0.0,requests
core-normal-edgeweaver-seed-1,normal,edgeweaver,edgeweaver,1,deadline_miss_cause_rate,network_delay,0.0,ratio_of_completed_deadline_misses
core-normal-edgeweaver-seed-1,normal,edgeweaver,edgeweaver,1,deadline_miss_cause_count,queue_delay,0.0,requests
core-normal-edgeweaver-seed-1,normal,edgeweaver,edgeweaver,1,deadline_miss_cause_rate,queue_delay,0.0,ratio_of_completed_deadline_misses
core-normal-edgeweaver-seed-1,normal,edgeweaver,edgeweaver,1,deadline_miss_cause_count,inference_time,0.0,requests
core-normal-edgeweaver-seed-1,normal,edgeweaver,edgeweaver,1,deadline_miss_cause_rate,inference_time,0.0,ratio_of_completed_deadline_misses
core-normal-edgeweaver-seed-1,normal,edgeweaver,edgeweaver,1,deadline_miss_cause_count,incorrect_static_estimate,0.0,requests
core-normal-edgeweaver-seed-1,normal,edgeweaver,edgeweaver,1,deadline_miss_cause_rate,incorrect_static_estimate,0.0,ratio_of_completed_deadline_misses
core-normal-edgeweaver-seed-2,normal,edgeweaver,edgeweaver,2,deadline_miss_cause_count,network_delay,0.0,requests
core-normal-edgeweaver-seed-2,normal,edgeweaver,edgeweaver,2,deadline_miss_cause_rate,network_delay,0.0,ratio_of_completed_deadline_misses
core-normal-edgeweaver-seed-2,normal,edgeweaver,edgeweaver,2,deadline_miss_cause_count,queue_delay,0.0,requests
core-normal-edgeweaver-seed-2,normal,edgeweaver,edgeweaver,2,deadline_miss_cause_rate,queue_delay,0.0,ratio_of_completed_deadline_misses
core-normal-edgeweaver-seed-2,normal,edgeweaver,edgeweaver,2,deadline_miss_cause_count,inference_time,0.0,requests
core-normal-edgeweaver-seed-2,normal,edgeweaver,edgeweaver,2,deadline_miss_cause_rate,inference_time,0.0,ratio_of_completed_deadline_misses
core-normal-edgeweaver-seed-2,normal,edgeweaver,edgeweaver,2,deadline_miss_cause_count,incorrect_static_estimate,0.0,requests
core-normal-edgeweaver-seed-2,normal,edgeweaver,edgeweaver,2,deadline_miss_cause_rate,incorrect_static_estimate,0.0,ratio_of_completed_deadline_misses
core-normal-edgeweaver-seed-3,normal,edgeweaver,edgeweaver,3,deadline_miss_cause_count,network_delay,0.0,requests
core-normal-edgeweaver-seed-3,normal,edgeweaver,edgeweaver,3,deadline_miss_cause_rate,network_delay,0.0,ratio_of_completed_deadline_misses
core-normal-edgeweaver-seed-3,normal,edgeweaver,edgeweaver,3,deadline_miss_cause_count,queue_delay,0.0,requests
core-normal-edgeweaver-seed-3,normal,edgeweaver,edgeweaver,3,deadline_miss_cause_rate,queue_delay,0.0,ratio_of_completed_deadline_misses
core-normal-edgeweaver-seed-3,normal,edgeweaver,edgeweaver,3,deadline_miss_cause_count,inference_time,0.0,requests
core-normal-edgeweaver-seed-3,normal,edgeweaver,edgeweaver,3,deadline_miss_cause_rate,inference_time,0.0,ratio_of_completed_deadline_misses
core-normal-edgeweaver-seed-3,normal,edgeweaver,edgeweaver,3,deadline_miss_cause_count,incorrect_static_estimate,0.0,requests
core-normal-edgeweaver-seed-3,normal,edgeweaver,edgeweaver,3,deadline_miss_cause_rate,incorrect_static_estimate,0.0,ratio_of_completed_deadline_misses
core-normal-edgeweaver-seed-4,normal,edgeweaver,edgeweaver,4,deadline_miss_cause_count,network_delay,0.0,requests
core-normal-edgeweaver-seed-4,normal,edgeweaver,edgeweaver,4,deadline_miss_cause_rate,network_delay,0.0,ratio_of_completed_deadline_misses
core-normal-edgeweaver-seed-4,normal,edgeweaver,edgeweaver,4,deadline_miss_cause_count,queue_delay,0.0,requests
core-normal-edgeweaver-seed-4,normal,edgeweaver,edgeweaver,4,deadline_miss_cause_rate,queue_delay,0.0,ratio_of_completed_deadline_misses
core-normal-edgeweaver-seed-4,normal,edgeweaver,edgeweaver,4,deadline_miss_cause_count,inference_time,0.0,requests
core-normal-edgeweaver-seed-4,normal,edgeweaver,edgeweaver,4,deadline_miss_cause_rate,inference_time,0.0,ratio_of_completed_deadline_misses
core-normal-edgeweaver-seed-4,normal,edgeweaver,edgeweaver,4,deadline_miss_cause_count,incorrect_static_estimate,0.0,requests
core-normal-edgeweaver-seed-4,normal,edgeweaver,edgeweaver,4,deadline_miss_cause_rate,incorrect_static_estimate,0.0,ratio_of_completed_deadline_misses
core-normal-edgeweaver-seed-5,normal,edgeweaver,edgeweaver,5,deadline_miss_cause_count,network_delay,0.0,requests
core-normal-edgeweaver-seed-5,normal,edgeweaver,edgeweaver,5,deadline_miss_cause_rate,network_delay,0.0,ratio_of_completed_deadline_misses
core-normal-edgeweaver-seed-5,normal,edgeweaver,edgeweaver,5,deadline_miss_cause_count,queue_delay,0.0,requests
core-normal-edgeweaver-seed-5,normal,edgeweaver,edgeweaver,5,deadline_miss_cause_rate,queue_delay,0.0,ratio_of_completed_deadline_misses
core-normal-edgeweaver-seed-5,normal,edgeweaver,edgeweaver,5,deadline_miss_cause_count,inference_time,0.0,requests
core-normal-edgeweaver-seed-5,normal,edgeweaver,edgeweaver,5,deadline_miss_cause_rate,inference_time,0.0,ratio_of_completed_deadline_misses
core-normal-edgeweaver-seed-5,normal,edgeweaver,edgeweaver,5,deadline_miss_cause_count,incorrect_static_estimate,0.0,requests
core-normal-edgeweaver-seed-5,normal,edgeweaver,edgeweaver,5,deadline_miss_cause_rate,incorrect_static_estimate,0.0,ratio_of_completed_deadline_misses
core-normal-fastest_device-seed-1,normal,fastest_device,fastest_device,1,deadline_miss_cause_count,network_delay,0.0,requests
core-normal-fastest_device-seed-1,normal,fastest_device,fastest_device,1,deadline_miss_cause_rate,network_delay,0.0,ratio_of_completed_deadline_misses
core-normal-fastest_device-seed-1,normal,fastest_device,fastest_device,1,deadline_miss_cause_count,queue_delay,0.0,requests
core-normal-fastest_device-seed-1,normal,fastest_device,fastest_device,1,deadline_miss_cause_rate,queue_delay,0.0,ratio_of_completed_deadline_misses
core-normal-fastest_device-seed-1,normal,fastest_device,fastest_device,1,deadline_miss_cause_count,inference_time,0.0,requests
core-normal-fastest_device-seed-1,normal,fastest_device,fastest_device,1,deadline_miss_cause_rate,inference_time,0.0,ratio_of_completed_deadline_misses
core-normal-fastest_device-seed-1,normal,fastest_device,fastest_device,1,deadline_miss_cause_count,incorrect_static_estimate,0.0,requests
core-normal-fastest_device-seed-1,normal,fastest_device,fastest_device,1,deadline_miss_cause_rate,incorrect_static_estimate,0.0,ratio_of_completed_deadline_misses
core-normal-fastest_device-seed-2,normal,fastest_device,fastest_device,2,deadline_miss_cause_count,network_delay,0.0,requests
core-normal-fastest_device-seed-2,normal,fastest_device,fastest_device,2,deadline_miss_cause_rate,network_delay,0.0,ratio_of_completed_deadline_misses
core-normal-fastest_device-seed-2,normal,fastest_device,fastest_device,2,deadline_miss_cause_count,queue_delay,0.0,requests
core-normal-fastest_device-seed-2,normal,fastest_device,fastest_device,2,deadline_miss_cause_rate,queue_delay,0.0,ratio_of_completed_deadline_misses
core-normal-fastest_device-seed-2,normal,fastest_device,fastest_device,2,deadline_miss_cause_count,inference_time,0.0,requests
core-normal-fastest_device-seed-2,normal,fastest_device,fastest_device,2,deadline_miss_cause_rate,inference_time,0.0,ratio_of_completed_deadline_misses
core-normal-fastest_device-seed-2,normal,fastest_device,fastest_device,2,deadline_miss_cause_count,incorrect_static_estimate,0.0,requests
core-normal-fastest_device-seed-2,normal,fastest_device,fastest_device,2,deadline_miss_cause_rate,incorrect_static_estimate,0.0,ratio_of_completed_deadline_misses
core-normal-fastest_device-seed-3,normal,fastest_device,fastest_device,3,deadline_miss_cause_count,network_delay,0.0,requests
core-normal-fastest_device-seed-3,normal,fastest_device,fastest_device,3,deadline_miss_cause_rate,network_delay,0.0,ratio_of_completed_deadline_misses
core-normal-fastest_device-seed-3,normal,fastest_device,fastest_device,3,deadline_miss_cause_count,queue_delay,0.0,requests
core-normal-fastest_device-seed-3,normal,fastest_device,fastest_device,3,deadline_miss_cause_rate,queue_delay,0.0,ratio_of_completed_deadline_misses
core-normal-fastest_device-seed-3,normal,fastest_device,fastest_device,3,deadline_miss_cause_count,inference_time,0.0,requests
core-normal-fastest_device-seed-3,normal,fastest_device,fastest_device,3,deadline_miss_cause_rate,inference_time,0.0,ratio_of_completed_deadline_misses
core-normal-fastest_device-seed-3,normal,fastest_device,fastest_device,3,deadline_miss_cause_count,incorrect_static_estimate,0.0,requests
core-normal-fastest_device-seed-3,normal,fastest_device,fastest_device,3,deadline_miss_cause_rate,incorrect_static_estimate,0.0,ratio_of_completed_deadline_misses
core-normal-fastest_device-seed-4,normal,fastest_device,fastest_device,4,deadline_miss_cause_count,network_delay,0.0,requests
core-normal-fastest_device-seed-4,normal,fastest_device,fastest_device,4,deadline_miss_cause_rate,network_delay,0.0,ratio_of_completed_deadline_misses
core-normal-fastest_device-seed-4,normal,fastest_device,fastest_device,4,deadline_miss_cause_count,queue_delay,0.0,requests
core-normal-fastest_device-seed-4,normal,fastest_device,fastest_device,4,deadline_miss_cause_rate,queue_delay,0.0,ratio_of_completed_deadline_misses
core-normal-fastest_device-seed-4,normal,fastest_device,fastest_device,4,deadline_miss_cause_count,inference_time,0.0,requests
core-normal-fastest_device-seed-4,normal,fastest_device,fastest_device,4,deadline_miss_cause_rate,inference_time,0.0,ratio_of_completed_deadline_misses
core-normal-fastest_device-seed-4,normal,fastest_device,fastest_device,4,deadline_miss_cause_count,incorrect_static_estimate,0.0,requests
core-normal-fastest_device-seed-4,normal,fastest_device,fastest_device,4,deadline_miss_cause_rate,incorrect_static_estimate,0.0,ratio_of_completed_deadline_misses
core-normal-fastest_device-seed-5,normal,fastest_device,fastest_device,5,deadline_miss_cause_count,network_delay,0.0,requests
core-normal-fastest_device-seed-5,normal,fastest_device,fastest_device,5,deadline_miss_cause_rate,network_delay,0.0,ratio_of_completed_deadline_misses
core-normal-fastest_device-seed-5,normal,fastest_device,fastest_device,5,deadline_miss_cause_count,queue_delay,0.0,requests
core-normal-fastest_device-seed-5,normal,fastest_device,fastest_device,5,deadline_miss_cause_rate,queue_delay,0.0,ratio_of_completed_deadline_misses
core-normal-fastest_device-seed-5,normal,fastest_device,fastest_device,5,deadline_miss_cause_count,inference_time,0.0,requests
core-normal-fastest_device-seed-5,normal,fastest_device,fastest_device,5,deadline_miss_cause_rate,inference_time,0.0,ratio_of_completed_deadline_misses
core-normal-fastest_device-seed-5,normal,fastest_device,fastest_device,5,deadline_miss_cause_count,incorrect_static_estimate,0.0,requests
core-normal-fastest_device-seed-5,normal,fastest_device,fastest_device,5,deadline_miss_cause_rate,incorrect_static_estimate,0.0,ratio_of_completed_deadline_misses
core-normal-min_completion-seed-1,normal,min_completion,min_completion,1,deadline_miss_cause_count,network_delay,0.0,requests
core-normal-min_completion-seed-1,normal,min_completion,min_completion,1,deadline_miss_cause_rate,network_delay,0.0,ratio_of_completed_deadline_misses
core-normal-min_completion-seed-1,normal,min_completion,min_completion,1,deadline_miss_cause_count,queue_delay,0.0,requests
core-normal-min_completion-seed-1,normal,min_completion,min_completion,1,deadline_miss_cause_rate,queue_delay,0.0,ratio_of_completed_deadline_misses
core-normal-min_completion-seed-1,normal,min_completion,min_completion,1,deadline_miss_cause_count,inference_time,0.0,requests
core-normal-min_completion-seed-1,normal,min_completion,min_completion,1,deadline_miss_cause_rate,inference_time,0.0,ratio_of_completed_deadline_misses
core-normal-min_completion-seed-1,normal,min_completion,min_completion,1,deadline_miss_cause_count,incorrect_static_estimate,0.0,requests
core-normal-min_completion-seed-1,normal,min_completion,min_completion,1,deadline_miss_cause_rate,incorrect_static_estimate,0.0,ratio_of_completed_deadline_misses
core-normal-min_completion-seed-2,normal,min_completion,min_completion,2,deadline_miss_cause_count,network_delay,0.0,requests
core-normal-min_completion-seed-2,normal,min_completion,min_completion,2,deadline_miss_cause_rate,network_delay,0.0,ratio_of_completed_deadline_misses
core-normal-min_completion-seed-2,normal,min_completion,min_completion,2,deadline_miss_cause_count,queue_delay,0.0,requests
core-normal-min_completion-seed-2,normal,min_completion,min_completion,2,deadline_miss_cause_rate,queue_delay,0.0,ratio_of_completed_deadline_misses
core-normal-min_completion-seed-2,normal,min_completion,min_completion,2,deadline_miss_cause_count,inference_time,0.0,requests
core-normal-min_completion-seed-2,normal,min_completion,min_completion,2,deadline_miss_cause_rate,inference_time,0.0,ratio_of_completed_deadline_misses
core-normal-min_completion-seed-2,normal,min_completion,min_completion,2,deadline_miss_cause_count,incorrect_static_estimate,0.0,requests
core-normal-min_completion-seed-2,normal,min_completion,min_completion,2,deadline_miss_cause_rate,incorrect_static_estimate,0.0,ratio_of_completed_deadline_misses
core-normal-min_completion-seed-3,normal,min_completion,min_completion,3,deadline_miss_cause_count,network_delay,0.0,requests
core-normal-min_completion-seed-3,normal,min_completion,min_completion,3,deadline_miss_cause_rate,network_delay,0.0,ratio_of_completed_deadline_misses
core-normal-min_completion-seed-3,normal,min_completion,min_completion,3,deadline_miss_cause_count,queue_delay,0.0,requests
core-normal-min_completion-seed-3,normal,min_completion,min_completion,3,deadline_miss_cause_rate,queue_delay,0.0,ratio_of_completed_deadline_misses
core-normal-min_completion-seed-3,normal,min_completion,min_completion,3,deadline_miss_cause_count,inference_time,0.0,requests
core-normal-min_completion-seed-3,normal,min_completion,min_completion,3,deadline_miss_cause_rate,inference_time,0.0,ratio_of_completed_deadline_misses
core-normal-min_completion-seed-3,normal,min_completion,min_completion,3,deadline_miss_cause_count,incorrect_static_estimate,0.0,requests
core-normal-min_completion-seed-3,normal,min_completion,min_completion,3,deadline_miss_cause_rate,incorrect_static_estimate,0.0,ratio_of_completed_deadline_misses
core-normal-min_completion-seed-4,normal,min_completion,min_completion,4,deadline_miss_cause_count,network_delay,0.0,requests
core-normal-min_completion-seed-4,normal,min_completion,min_completion,4,deadline_miss_cause_rate,network_delay,0.0,ratio_of_completed_deadline_misses
core-normal-min_completion-seed-4,normal,min_completion,min_completion,4,deadline_miss_cause_count,queue_delay,0.0,requests
core-normal-min_completion-seed-4,normal,min_completion,min_completion,4,deadline_miss_cause_rate,queue_delay,0.0,ratio_of_completed_deadline_misses
core-normal-min_completion-seed-4,normal,min_completion,min_completion,4,deadline_miss_cause_count,inference_time,0.0,requests
core-normal-min_completion-seed-4,normal,min_completion,min_completion,4,deadline_miss_cause_rate,inference_time,0.0,ratio_of_completed_deadline_misses
core-normal-min_completion-seed-4,normal,min_completion,min_completion,4,deadline_miss_cause_count,incorrect_static_estimate,0.0,requests
core-normal-min_completion-seed-4,normal,min_completion,min_completion,4,deadline_miss_cause_rate,incorrect_static_estimate,0.0,ratio_of_completed_deadline_misses
core-normal-min_completion-seed-5,normal,min_completion,min_completion,5,deadline_miss_cause_count,network_delay,0.0,requests
core-normal-min_completion-seed-5,normal,min_completion,min_completion,5,deadline_miss_cause_rate,network_delay,0.0,ratio_of_completed_deadline_misses
core-normal-min_completion-seed-5,normal,min_completion,min_completion,5,deadline_miss_cause_count,queue_delay,0.0,requests
core-normal-min_completion-seed-5,normal,min_completion,min_completion,5,deadline_miss_cause_rate,queue_delay,0.0,ratio_of_completed_deadline_misses
core-normal-min_completion-seed-5,normal,min_completion,min_completion,5,deadline_miss_cause_count,inference_time,0.0,requests
core-normal-min_completion-seed-5,normal,min_completion,min_completion,5,deadline_miss_cause_rate,inference_time,0.0,ratio_of_completed_deadline_misses
core-normal-min_completion-seed-5,normal,min_completion,min_completion,5,deadline_miss_cause_count,incorrect_static_estimate,0.0,requests
core-normal-min_completion-seed-5,normal,min_completion,min_completion,5,deadline_miss_cause_rate,incorrect_static_estimate,0.0,ratio_of_completed_deadline_misses
core-normal-round_robin-seed-1,normal,round_robin,round_robin,1,deadline_miss_cause_count,network_delay,0.0,requests
core-normal-round_robin-seed-1,normal,round_robin,round_robin,1,deadline_miss_cause_rate,network_delay,0.0,ratio_of_completed_deadline_misses
core-normal-round_robin-seed-1,normal,round_robin,round_robin,1,deadline_miss_cause_count,queue_delay,0.0,requests
core-normal-round_robin-seed-1,normal,round_robin,round_robin,1,deadline_miss_cause_rate,queue_delay,0.0,ratio_of_completed_deadline_misses
core-normal-round_robin-seed-1,normal,round_robin,round_robin,1,deadline_miss_cause_count,inference_time,0.0,requests
core-normal-round_robin-seed-1,normal,round_robin,round_robin,1,deadline_miss_cause_rate,inference_time,0.0,ratio_of_completed_deadline_misses
core-normal-round_robin-seed-1,normal,round_robin,round_robin,1,deadline_miss_cause_count,incorrect_static_estimate,0.0,requests
core-normal-round_robin-seed-1,normal,round_robin,round_robin,1,deadline_miss_cause_rate,incorrect_static_estimate,0.0,ratio_of_completed_deadline_misses
core-normal-round_robin-seed-2,normal,round_robin,round_robin,2,deadline_miss_cause_count,network_delay,0.0,requests
core-normal-round_robin-seed-2,normal,round_robin,round_robin,2,deadline_miss_cause_rate,network_delay,0.0,ratio_of_completed_deadline_misses
core-normal-round_robin-seed-2,normal,round_robin,round_robin,2,deadline_miss_cause_count,queue_delay,0.0,requests
core-normal-round_robin-seed-2,normal,round_robin,round_robin,2,deadline_miss_cause_rate,queue_delay,0.0,ratio_of_completed_deadline_misses
core-normal-round_robin-seed-2,normal,round_robin,round_robin,2,deadline_miss_cause_count,inference_time,0.0,requests
core-normal-round_robin-seed-2,normal,round_robin,round_robin,2,deadline_miss_cause_rate,inference_time,0.0,ratio_of_completed_deadline_misses
core-normal-round_robin-seed-2,normal,round_robin,round_robin,2,deadline_miss_cause_count,incorrect_static_estimate,0.0,requests
core-normal-round_robin-seed-2,normal,round_robin,round_robin,2,deadline_miss_cause_rate,incorrect_static_estimate,0.0,ratio_of_completed_deadline_misses
core-normal-round_robin-seed-3,normal,round_robin,round_robin,3,deadline_miss_cause_count,network_delay,0.0,requests
core-normal-round_robin-seed-3,normal,round_robin,round_robin,3,deadline_miss_cause_rate,network_delay,0.0,ratio_of_completed_deadline_misses
core-normal-round_robin-seed-3,normal,round_robin,round_robin,3,deadline_miss_cause_count,queue_delay,0.0,requests
core-normal-round_robin-seed-3,normal,round_robin,round_robin,3,deadline_miss_cause_rate,queue_delay,0.0,ratio_of_completed_deadline_misses
core-normal-round_robin-seed-3,normal,round_robin,round_robin,3,deadline_miss_cause_count,inference_time,0.0,requests
core-normal-round_robin-seed-3,normal,round_robin,round_robin,3,deadline_miss_cause_rate,inference_time,0.0,ratio_of_completed_deadline_misses
core-normal-round_robin-seed-3,normal,round_robin,round_robin,3,deadline_miss_cause_count,incorrect_static_estimate,0.0,requests
core-normal-round_robin-seed-3,normal,round_robin,round_robin,3,deadline_miss_cause_rate,incorrect_static_estimate,0.0,ratio_of_completed_deadline_misses
core-normal-round_robin-seed-4,normal,round_robin,round_robin,4,deadline_miss_cause_count,network_delay,0.0,requests
core-normal-round_robin-seed-4,normal,round_robin,round_robin,4,deadline_miss_cause_rate,network_delay,0.0,ratio_of_completed_deadline_misses
core-normal-round_robin-seed-4,normal,round_robin,round_robin,4,deadline_miss_cause_count,queue_delay,0.0,requests
core-normal-round_robin-seed-4,normal,round_robin,round_robin,4,deadline_miss_cause_rate,queue_delay,0.0,ratio_of_completed_deadline_misses
core-normal-round_robin-seed-4,normal,round_robin,round_robin,4,deadline_miss_cause_count,inference_time,0.0,requests
core-normal-round_robin-seed-4,normal,round_robin,round_robin,4,deadline_miss_cause_rate,inference_time,0.0,ratio_of_completed_deadline_misses
core-normal-round_robin-seed-4,normal,round_robin,round_robin,4,deadline_miss_cause_count,incorrect_static_estimate,0.0,requests
core-normal-round_robin-seed-4,normal,round_robin,round_robin,4,deadline_miss_cause_rate,incorrect_static_estimate,0.0,ratio_of_completed_deadline_misses
core-normal-round_robin-seed-5,normal,round_robin,round_robin,5,deadline_miss_cause_count,network_delay,0.0,requests
core-normal-round_robin-seed-5,normal,round_robin,round_robin,5,deadline_miss_cause_rate,network_delay,0.0,ratio_of_completed_deadline_misses
core-normal-round_robin-seed-5,normal,round_robin,round_robin,5,deadline_miss_cause_count,queue_delay,0.0,requests
core-normal-round_robin-seed-5,normal,round_robin,round_robin,5,deadline_miss_cause_rate,queue_delay,0.0,ratio_of_completed_deadline_misses
core-normal-round_robin-seed-5,normal,round_robin,round_robin,5,deadline_miss_cause_count,inference_time,0.0,requests
core-normal-round_robin-seed-5,normal,round_robin,round_robin,5,deadline_miss_cause_rate,inference_time,0.0,ratio_of_completed_deadline_misses
core-normal-round_robin-seed-5,normal,round_robin,round_robin,5,deadline_miss_cause_count,incorrect_static_estimate,0.0,requests
core-normal-round_robin-seed-5,normal,round_robin,round_robin,5,deadline_miss_cause_rate,incorrect_static_estimate,0.0,ratio_of_completed_deadline_misses
